  0
SECTION
  2
HEADER
  9
$ACADVER
  1
AC1024
  9
$ACADMAINTVER
 70
6
  9
$DWGCODEPAGE
  3
ANSI_1252
  9
$LASTSAVEDBY
  1
ezdxf
  9
$INSBASE
 10
0.0
 20
0.0
 30
0.0
  9
$EXTMIN
 10
1e+20
 20
1e+20
 30
1e+20
  9
$EXTMAX
 10
-1e+20
 20
-1e+20
 30
-1e+20
  9
$LIMMIN
 10
0.0
 20
0.0
  9
$LIMMAX
 10
420.0
 20
297.0
  9
$ORTHOMODE
 70
0
  9
$REGENMODE
 70
1
  9
$FILLMODE
 70
1
  9
$QTEXTMODE
 70
0
  9
$MIRRTEXT
 70
1
  9
$LTSCALE
 40
1.0
  9
$ATTMODE
 70
1
  9
$TEXTSIZE
 40
2.5
  9
$TRACEWID
 40
1.0
  9
$TEXTSTYLE
  7
Standard
  9
$CLAYER
  8
0
  9
$CELTYPE
  6
ByLayer
  9
$CECOLOR
 62
256
  9
$CELTSCALE
 40
1.0
  9
$DISPSILH
 70
0
  9
$DIMSCALE
 40
1.0
  9
$DIMASZ
 40
2.5
  9
$DIMEXO
 40
0.625
  9
$DIMDLI
 40
3.75
  9
$DIMRND
 40
0.0
  9
$DIMDLE
 40
0.0
  9
$DIMEXE
 40
1.25
  9
$DIMTP
 40
0.0
  9
$DIMTM
 40
0.0
  9
$DIMTXT
 40
2.5
  9
$DIMCEN
 40
2.5
  9
$DIMTSZ
 40
0.0
  9
$DIMTOL
 70
0
  9
$DIMLIM
 70
0
  9
$DIMTIH
 70
0
  9
$DIMTOH
 70
0
  9
$DIMSE1
 70
0
  9
$DIMSE2
 70
0
  9
$DIMTAD
 70
1
  9
$DIMZIN
 70
8
  9
$DIMBLK
  1

  9
$DIMASO
 70
1
  9
$DIMSHO
 70
1
  9
$DIMPOST
  1

  9
$DIMAPOST
  1

  9
$DIMALT
 70
0
  9
$DIMALTD
 70
3
  9
$DIMALTF
 40
0.03937007874
  9
$DIMLFAC
 40
1.0
  9
$DIMTOFL
 70
1
  9
$DIMTVP
 40
0.0
  9
$DIMTIX
 70
0
  9
$DIMSOXD
 70
0
  9
$DIMSAH
 70
0
  9
$DIMBLK1
  1

  9
$DIMBLK2
  1

  9
$DIMSTYLE
  2
ISO-25
  9
$DIMCLRD
 70
0
  9
$DIMCLRE
 70
0
  9
$DIMCLRT
 70
0
  9
$DIMTFAC
 40
1.0
  9
$DIMGAP
 40
0.625
  9
$DIMJUST
 70
0
  9
$DIMSD1
 70
0
  9
$DIMSD2
 70
0
  9
$DIMTOLJ
 70
0
  9
$DIMTZIN
 70
8
  9
$DIMALTZ
 70
0
  9
$DIMALTTZ
 70
0
  9
$DIMUPT
 70
0
  9
$DIMDEC
 70
2
  9
$DIMTDEC
 70
2
  9
$DIMALTU
 70
2
  9
$DIMALTTD
 70
3
  9
$DIMTXSTY
  7
Standard
  9
$DIMAUNIT
 70
0
  9
$DIMADEC
 70
0
  9
$DIMALTRND
 40
0.0
  9
$DIMAZIN
 70
0
  9
$DIMDSEP
 70
44
  9
$DIMATFIT
 70
3
  9
$DIMFRAC
 70
0
  9
$DIMLDRBLK
  1

  9
$DIMLUNIT
 70
2
  9
$DIMLWD
 70
-2
  9
$DIMLWE
 70
-2
  9
$DIMTMOVE
 70
0
  9
$DIMFXL
 40
1.0
  9
$DIMFXLON
 70
0
  9
$DIMJOGANG
 40
0.785398163397
  9
$DIMTFILL
 70
0
  9
$DIMTFILLCLR
 70
0
  9
$DIMARCSYM
 70
0
  9
$DIMLTYPE
  6

  9
$DIMLTEX1
  6

  9
$DIMLTEX2
  6

  9
$DIMTXTDIRECTION
 70
0
  9
$LUNITS
 70
2
  9
$LUPREC
 70
4
  9
$SKETCHINC
 40
1.0
  9
$FILLETRAD
 40
10.0
  9
$AUNITS
 70
0
  9
$AUPREC
 70
2
  9
$MENU
  1
.
  9
$ELEVATION
 40
0.0
  9
$PELEVATION
 40
0.0
  9
$THICKNESS
 40
0.0
  9
$LIMCHECK
 70
0
  9
$CHAMFERA
 40
0.0
  9
$CHAMFERB
 40
0.0
  9
$CHAMFERC
 40
0.0
  9
$CHAMFERD
 40
0.0
  9
$SKPOLY
 70
0
  9
$TDCREATE
 40
2461197.465497685
  9
$TDUCREATE
 40
2458532.153996898
  9
$TDUPDATE
 40
2461197.465497685
  9
$TDUUPDATE
 40
2458532.1544311
  9
$TDINDWG
 40
0.0
  9
$TDUSRTIMER
 40
0.0
  9
$USRTIMER
 70
1
  9
$ANGBASE
 50
0.0
  9
$ANGDIR
 70
0
  9
$PDMODE
 70
0
  9
$PDSIZE
 40
0.0
  9
$PLINEWID
 40
0.0
  9
$SPLFRAME
 70
0
  9
$SPLINETYPE
 70
6
  9
$SPLINESEGS
 70
8
  9
$HANDSEED
  5
52C
  9
$SURFTAB1
 70
6
  9
$SURFTAB2
 70
6
  9
$SURFTYPE
 70
6
  9
$SURFU
 70
6
  9
$SURFV
 70
6
  9
$UCSBASE
  2

  9
$UCSNAME
  2

  9
$UCSORG
 10
0.0
 20
0.0
 30
0.0
  9
$UCSXDIR
 10
1.0
 20
0.0
 30
0.0
  9
$UCSYDIR
 10
0.0
 20
1.0
 30
0.0
  9
$UCSORTHOREF
  2

  9
$UCSORTHOVIEW
 70
0
  9
$UCSORGTOP
 10
0.0
 20
0.0
 30
0.0
  9
$UCSORGBOTTOM
 10
0.0
 20
0.0
 30
0.0
  9
$UCSORGLEFT
 10
0.0
 20
0.0
 30
0.0
  9
$UCSORGRIGHT
 10
0.0
 20
0.0
 30
0.0
  9
$UCSORGFRONT
 10
0.0
 20
0.0
 30
0.0
  9
$UCSORGBACK
 10
0.0
 20
0.0
 30
0.0
  9
$PUCSBASE
  2

  9
$PUCSNAME
  2

  9
$PUCSORG
 10
0.0
 20
0.0
 30
0.0
  9
$PUCSXDIR
 10
1.0
 20
0.0
 30
0.0
  9
$PUCSYDIR
 10
0.0
 20
1.0
 30
0.0
  9
$PUCSORTHOREF
  2

  9
$PUCSORTHOVIEW
 70
0
  9
$PUCSORGTOP
 10
0.0
 20
0.0
 30
0.0
  9
$PUCSORGBOTTOM
 10
0.0
 20
0.0
 30
0.0
  9
$PUCSORGLEFT
 10
0.0
 20
0.0
 30
0.0
  9
$PUCSORGRIGHT
 10
0.0
 20
0.0
 30
0.0
  9
$PUCSORGFRONT
 10
0.0
 20
0.0
 30
0.0
  9
$PUCSORGBACK
 10
0.0
 20
0.0
 30
0.0
  9
$USERI1
 70
0
  9
$USERI2
 70
0
  9
$USERI3
 70
0
  9
$USERI4
 70
0
  9
$USERI5
 70
0
  9
$USERR1
 40
0.0
  9
$USERR2
 40
0.0
  9
$USERR3
 40
0.0
  9
$USERR4
 40
0.0
  9
$USERR5
 40
0.0
  9
$WORLDVIEW
 70
1
  9
$SHADEDGE
 70
3
  9
$SHADEDIF
 70
70
  9
$TILEMODE
 70
1
  9
$MAXACTVP
 70
64
  9
$PINSBASE
 10
0.0
 20
0.0
 30
0.0
  9
$PLIMCHECK
 70
0
  9
$PEXTMIN
 10
1e+20
 20
1e+20
 30
1e+20
  9
$PEXTMAX
 10
-1e+20
 20
-1e+20
 30
-1e+20
  9
$PLIMMIN
 10
0.0
 20
0.0
  9
$PLIMMAX
 10
420.0
 20
297.0
  9
$UNITMODE
 70
0
  9
$VISRETAIN
 70
1
  9
$PLINEGEN
 70
0
  9
$PSLTSCALE
 70
1
  9
$TREEDEPTH
 70
3020
  9
$CMLSTYLE
  2
Standard
  9
$CMLJUST
 70
0
  9
$CMLSCALE
 40
20.0
  9
$PROXYGRAPHICS
 70
1
  9
$MEASUREMENT
 70
1
  9
$CELWEIGHT
370
-1
  9
$ENDCAPS
280
0
  9
$JOINSTYLE
280
0
  9
$LWDISPLAY
290
0
  9
$INSUNITS
 70
6
  9
$HYPERLINKBASE
  1

  9
$STYLESHEET
  1

  9
$XEDIT
290
1
  9
$CEPSNTYPE
380
0
  9
$PSTYLEMODE
290
1
  9
$FINGERPRINTGUID
  2
{A50F5440-90EF-4246-9B3E-155718CDA0FB}
  9
$VERSIONGUID
  2
{2913A7D0-E6DA-4D90-9964-909BAF259821}
  9
$EXTNAMES
290
1
  9
$PSVPSCALE
 40
0.0
  9
$OLESTARTUP
290
0
  9
$SORTENTS
280
127
  9
$INDEXCTL
280
0
  9
$HIDETEXT
280
1
  9
$XCLIPFRAME
280
0
  9
$HALOGAP
280
0
  9
$OBSCOLOR
 70
257
  9
$OBSLTYPE
280
0
  9
$INTERSECTIONDISPLAY
280
0
  9
$INTERSECTIONCOLOR
 70
257
  9
$DIMASSOC
280
2
  9
$PROJECTNAME
  1

  9
$CAMERADISPLAY
290
0
  9
$LENSLENGTH
 40
50.0
  9
$CAMERAHEIGHT
 40
0.0
  9
$STEPSPERSEC
 40
24.0
  9
$STEPSIZE
 40
100.0
  9
$3DDWFPREC
 40
2.0
  9
$PSOLWIDTH
 40
0.005
  9
$PSOLHEIGHT
 40
0.08
  9
$LOFTANG1
 40
1.570796326795
  9
$LOFTANG2
 40
1.570796326795
  9
$LOFTMAG1
 40
0.0
  9
$LOFTMAG2
 40
0.0
  9
$LOFTPARAM
 70
7
  9
$LOFTNORMALS
280
1
  9
$LATITUDE
 40
37.795
  9
$LONGITUDE
 40
-122.394
  9
$NORTHDIRECTION
 40
0.0
  9
$TIMEZONE
 70
-8000
  9
$LIGHTGLYPHDISPLAY
280
1
  9
$TILEMODELIGHTSYNCH
280
1
  9
$CMATERIAL
347
20
  9
$SOLIDHIST
280
0
  9
$SHOWHIST
280
1
  9
$DWFFRAME
280
2
  9
$DGNFRAME
280
2
  9
$REALWORLDSCALE
290
1
  9
$INTERFERECOLOR
 62
256
  9
$CSHADOW
280
0
  9
$SHADOWPLANELOCATION
 40
0.0
  0
ENDSEC
  0
SECTION
  2
CLASSES
  0
CLASS
  1
ACDBDICTIONARYWDFLT
  2
AcDbDictionaryWithDefault
  3
ObjectDBX Classes
 90
0
 91
0
280
0
281
0
  0
CLASS
  1
SUN
  2
AcDbSun
  3
SCENEOE
 90
1153
 91
0
280
0
281
0
  0
CLASS
  1
VISUALSTYLE
  2
AcDbVisualStyle
  3
ObjectDBX Classes
 90
4095
 91
0
280
0
281
0
  0
CLASS
  1
MATERIAL
  2
AcDbMaterial
  3
ObjectDBX Classes
 90
1153
 91
0
280
0
281
0
  0
CLASS
  1
SCALE
  2
AcDbScale
  3
ObjectDBX Classes
 90
1153
 91
0
280
0
281
0
  0
CLASS
  1
TABLESTYLE
  2
AcDbTableStyle
  3
ObjectDBX Classes
 90
4095
 91
0
280
0
281
0
  0
CLASS
  1
MLEADERSTYLE
  2
AcDbMLeaderStyle
  3
ACDB_MLEADERSTYLE_CLASS
 90
4095
 91
0
280
0
281
0
  0
CLASS
  1
DICTIONARYVAR
  2
AcDbDictionaryVar
  3
ObjectDBX Classes
 90
0
 91
0
280
0
281
0
  0
CLASS
  1
CELLSTYLEMAP
  2
AcDbCellStyleMap
  3
ObjectDBX Classes
 90
1152
 91
0
280
0
281
0
  0
CLASS
  1
MENTALRAYRENDERSETTINGS
  2
AcDbMentalRayRenderSettings
  3
SCENEOE
 90
1024
 91
0
280
0
281
0
  0
CLASS
  1
ACDBDETAILVIEWSTYLE
  2
AcDbDetailViewStyle
  3
ObjectDBX Classes
 90
1025
 91
0
280
0
281
0
  0
CLASS
  1
ACDBSECTIONVIEWSTYLE
  2
AcDbSectionViewStyle
  3
ObjectDBX Classes
 90
1025
 91
0
280
0
281
0
  0
CLASS
  1
RASTERVARIABLES
  2
AcDbRasterVariables
  3
ISM
 90
0
 91
0
280
0
281
0
  0
CLASS
  1
ACDBPLACEHOLDER
  2
AcDbPlaceHolder
  3
ObjectDBX Classes
 90
0
 91
0
280
0
281
0
  0
CLASS
  1
LAYOUT
  2
AcDbLayout
  3
ObjectDBX Classes
 90
0
 91
0
280
0
281
0
  0
ENDSEC
  0
SECTION
  2
TABLES
  0
TABLE
  2
VPORT
  5
8
330
0
100
AcDbSymbolTable
 70
1
  0
VPORT
  5
23
330
8
100
AcDbSymbolTableRecord
100
AcDbViewportTableRecord
  2
*Active
 70
0
 10
0.0
 20
0.0
 11
1.0
 21
1.0
 12
0.0
 22
0.0
 13
0.0
 23
0.0
 14
0.5
 24
0.5
 15
0.5
 25
0.5
 16
0.0
 26
0.0
 36
1.0
 17
0.0
 27
0.0
 37
0.0
 40
1000.0
 41
1.34
 42
50.0
 43
0.0
 44
0.0
 50
0.0
 51
0.0
 71
0
 72
1000
 73
1
 74
3
 75
0
 76
0
 77
0
 78
0
281
0
 65
0
146
0.0
  0
ENDTAB
  0
TABLE
  2
LTYPE
  5
2
330
0
100
AcDbSymbolTable
 70
3
  0
LTYPE
  5
24
330
2
100
AcDbSymbolTableRecord
100
AcDbLinetypeTableRecord
  2
ByBlock
 70
0
  3

 72
65
 73
0
 40
0.0
  0
LTYPE
  5
25
330
2
100
AcDbSymbolTableRecord
100
AcDbLinetypeTableRecord
  2
ByLayer
 70
0
  3

 72
65
 73
0
 40
0.0
  0
LTYPE
  5
26
330
2
100
AcDbSymbolTableRecord
100
AcDbLinetypeTableRecord
  2
Continuous
 70
0
  3

 72
65
 73
0
 40
0.0
  0
ENDTAB
  0
TABLE
  2
LAYER
  5
1
330
0
100
AcDbSymbolTable
 70
2
  0
LAYER
  5
27
330
1
100
AcDbSymbolTableRecord
100
AcDbLayerTableRecord
  2
0
 70
0
 62
7
  6
Continuous
370
-3
390
13
347
21
  0
LAYER
  5
28
330
1
100
AcDbSymbolTableRecord
100
AcDbLayerTableRecord
  2
Defpoints
 70
0
 62
7
  6
Continuous
290
0
370
-3
390
13
347
21
  0
ENDTAB
  0
TABLE
  2
STYLE
  5
5
330
0
100
AcDbSymbolTable
 70
1
  0
STYLE
  5
29
330
5
100
AcDbSymbolTableRecord
100
AcDbTextStyleTableRecord
  2
Standard
 70
0
 40
0.0
 41
1.0
 50
0.0
 71
0
 42
2.5
  3
txt
  4

  0
ENDTAB
  0
TABLE
  2
VIEW
  5
7
330
0
100
AcDbSymbolTable
 70
0
  0
ENDTAB
  0
TABLE
  2
UCS
  5
6
330
0
100
AcDbSymbolTable
 70
0
  0
ENDTAB
  0
TABLE
  2
APPID
  5
3
330
0
100
AcDbSymbolTable
 70
3
  0
APPID
  5
2A
330
3
100
AcDbSymbolTableRecord
100
AcDbRegAppTableRecord
  2
ACAD
 70
0
  0
APPID
  5
529
330
3
100
AcDbSymbolTableRecord
100
AcDbRegAppTableRecord
  2
HATCHBACKGROUNDCOLOR
 70
0
  0
APPID
  5
52A
330
3
100
AcDbSymbolTableRecord
100
AcDbRegAppTableRecord
  2
EZDXF
 70
0
  0
ENDTAB
  0
TABLE
  2
DIMSTYLE
  5
4
330
0
100
AcDbSymbolTable
 70
1
100
AcDbDimStyleTable
  0
DIMSTYLE
105
2B
330
4
100
AcDbSymbolTableRecord
100
AcDbDimStyleTableRecord
  2
Standard
 70
0
 40
1.0
 41
2.5
 42
0.625
 43
3.75
 44
1.25
 45
0.0
 46
0.0
 47
0.0
 48
0.0
 49
2.5
140
2.5
141
2.5
142
0.0
143
0.03937007874
144
1.0
145
0.0
146
1.0
147
0.625
148
0.0
 69
0
 70
0
 71
0
 72
0
 73
0
 74
0
 75
0
 76
0
 77
1
 78
8
 79
3
170
0
171
3
172
1
173
0
174
0
175
0
176
0
177
0
178
0
179
2
271
2
272
2
273
2
274
3
275
0
276
0
277
2
278
44
279
0
280
0
281
0
282
0
283
0
284
8
285
0
286
0
288
0
289
3
290
0
371
-2
372
-2
  0
ENDTAB
  0
TABLE
  2
BLOCK_RECORD
  5
9
330
0
100
AcDbSymbolTable
 70
2
  0
BLOCK_RECORD
  5
17
330
9
100
AcDbSymbolTableRecord
100
AcDbBlockTableRecord
  2
*Model_Space
340
1A
 70
0
280
1
281
0
  0
BLOCK_RECORD
  5
1B
330
9
100
AcDbSymbolTableRecord
100
AcDbBlockTableRecord
  2
*Paper_Space
340
1E
 70
0
280
1
281
0
  0
ENDTAB
  0
ENDSEC
  0
SECTION
  2
BLOCKS
  0
BLOCK
  5
18
330
17
100
AcDbEntity
  8
0
100
AcDbBlockBegin
  2
*Model_Space
 70
0
 10
0.0
 20
0.0
 30
0.0
  3
*Model_Space
  1

  0
ENDBLK
  5
19
330
17
100
AcDbEntity
  8
0
100
AcDbBlockEnd
  0
BLOCK
  5
1C
330
1B
100
AcDbEntity
  8
0
100
AcDbBlockBegin
  2
*Paper_Space
 70
0
 10
0.0
 20
0.0
 30
0.0
  3
*Paper_Space
  1

  0
ENDBLK
  5
1D
330
1B
100
AcDbEntity
  8
0
100
AcDbBlockEnd
  0
ENDSEC
  0
SECTION
  2
ENTITIES
  0
LINE
  5
2F
330
17
100
AcDbEntity
  8
A-WALL
100
AcDbLine
 10
29615.099596
 20
-16335.583189
 30
0.0
 11
30915.09934
 21
-16335.583189
 31
0.0
  0
LINE
  5
30
330
17
100
AcDbEntity
  8
A-WALL
100
AcDbLine
 10
30915.09934
 20
-16335.583189
 30
0.0
 11
30915.09934
 21
-14235.581584
 31
0.0
  0
LINE
  5
31
330
17
100
AcDbEntity
  8
A-WALL
100
AcDbLine
 10
30915.09934
 20
-14235.581584
 30
0.0
 11
29615.099596
 21
-14235.581584
 31
0.0
  0
LINE
  5
32
330
17
100
AcDbEntity
  8
A-WALL
100
AcDbLine
 10
29615.099596
 20
-14235.581584
 30
0.0
 11
29615.099596
 21
-16335.583189
 31
0.0
  0
LINE
  5
33
330
17
100
AcDbEntity
  8
A-WALL
100
AcDbLine
 10
106173.789546
 20
-18334.93344
 30
0.0
 11
108153.789546
 21
-18334.93344
 31
0.0
  0
LINE
  5
34
330
17
100
AcDbEntity
  8
A-WALL
100
AcDbLine
 10
108153.789546
 20
-18334.93344
 30
0.0
 11
108153.789546
 21
-19954.933573
 31
0.0
  0
LINE
  5
35
330
17
100
AcDbEntity
  8
A-WALL
100
AcDbLine
 10
108153.789546
 20
-19954.933573
 30
0.0
 11
106173.789546
 21
-19954.933573
 31
0.0
  0
LINE
  5
36
330
17
100
AcDbEntity
  8
A-WALL
100
AcDbLine
 10
106173.789546
 20
-19954.933573
 30
0.0
 11
106173.789546
 21
-18334.93344
 31
0.0
  0
LINE
  5
37
330
17
100
AcDbEntity
  8
A-WALL
100
AcDbLine
 10
108353.789386
 20
-11844.934232
 30
0.0
 11
109553.789386
 21
-11844.934232
 31
0.0
  0
LINE
  5
38
330
17
100
AcDbEntity
  8
A-WALL
100
AcDbLine
 10
109553.789386
 20
-11844.934232
 30
0.0
 11
109553.789386
 21
-13664.93344
 31
0.0
  0
LINE
  5
39
330
17
100
AcDbEntity
  8
A-WALL
100
AcDbLine
 10
109553.789386
 20
-13664.93344
 30
0.0
 11
108353.789386
 21
-13664.93344
 31
0.0
  0
LINE
  5
3A
330
17
100
AcDbEntity
  8
A-WALL
100
AcDbLine
 10
108353.789386
 20
-13664.93344
 30
0.0
 11
108353.789386
 21
-11844.934232
 31
0.0
  0
LINE
  5
3B
330
17
100
AcDbEntity
  8
A-WALL
100
AcDbLine
 10
109753.789386
 20
-13664.93344
 30
0.0
 11
111453.789386
 21
-13664.93344
 31
0.0
  0
LINE
  5
3C
330
17
100
AcDbEntity
  8
A-WALL
100
AcDbLine
 10
111453.789386
 20
-13664.93344
 30
0.0
 11
111453.789386
 21
-11844.934232
 31
0.0
  0
LINE
  5
3D
330
17
100
AcDbEntity
  8
A-WALL
100
AcDbLine
 10
111453.789386
 20
-11844.934232
 30
0.0
 11
109753.789386
 21
-11844.934232
 31
0.0
  0
LINE
  5
3E
330
17
100
AcDbEntity
  8
A-WALL
100
AcDbLine
 10
109753.789386
 20
-11844.934232
 30
0.0
 11
109753.789386
 21
-13664.93344
 31
0.0
  0
LINE
  5
3F
330
17
100
AcDbEntity
  8
A-WALL
100
AcDbLine
 10
110623.790864
 20
-11644.934232
 30
0.0
 11
109623.790864
 21
-10644.934232
 31
0.0
  0
LINE
  5
40
330
17
100
AcDbEntity
  8
A-WALL
100
AcDbLine
 10
110623.790864
 20
-10644.934232
 30
0.0
 11
109623.790864
 21
-11644.934232
 31
0.0
  0
LINE
  5
41
330
17
100
AcDbEntity
  8
A-WALL
100
AcDbLine
 10
103188.989683
 20
-28939.016543
 30
0.0
 11
103120.585655
 21
-29126.955067
 31
0.0
  0
LINE
  5
42
330
17
100
AcDbEntity
  8
A-WALL
100
AcDbLine
 10
102162.099181
 20
-28778.094521
 30
0.0
 11
102230.50321
 21
-28590.155997
 31
0.0
  0
LINE
  5
43
330
17
100
AcDbEntity
  8
A-WALL
100
AcDbLine
 10
107993.784824
 20
-23894.932989
 30
0.0
 11
107993.784824
 21
-24094.932989
 31
0.0
  0
LINE
  5
44
330
17
100
AcDbEntity
  8
A-WALL
100
AcDbLine
 10
110013.784824
 20
-23894.932989
 30
0.0
 11
110013.784824
 21
-24094.932989
 31
0.0
  0
LINE
  5
45
330
17
100
AcDbEntity
  8
A-WALL
100
AcDbLine
 10
109623.790864
 20
-10644.934232
 30
0.0
 11
109623.790864
 21
-11644.934232
 31
0.0
  0
LINE
  5
46
330
17
100
AcDbEntity
  8
A-WALL
100
AcDbLine
 10
109623.790864
 20
-11644.934232
 30
0.0
 11
110623.790864
 21
-11644.934232
 31
0.0
  0
LINE
  5
47
330
17
100
AcDbEntity
  8
A-WALL
100
AcDbLine
 10
110623.790864
 20
-11644.934232
 30
0.0
 11
110623.790864
 21
-10644.934232
 31
0.0
  0
LINE
  5
48
330
17
100
AcDbEntity
  8
A-WALL
100
AcDbLine
 10
110623.790864
 20
-10644.934232
 30
0.0
 11
109623.790864
 21
-10644.934232
 31
0.0
  0
LINE
  5
49
330
17
100
AcDbEntity
  8
A-WALL
100
AcDbLine
 10
117272.564592
 20
-21997.243139
 30
0.0
 11
118325.020583
 21
-22380.305793
 31
0.0
  0
LINE
  5
4A
330
17
100
AcDbEntity
  8
A-WALL
100
AcDbLine
 10
117204.160563
 20
-22185.181663
 30
0.0
 11
118256.616555
 21
-22568.244317
 31
0.0
  0
LINE
  5
4B
330
17
100
AcDbEntity
  8
A-WALL
100
AcDbLine
 10
78435.776353
 20
-29336.457647
 30
0.0
 11
80278.77552
 21
-30995.901551
 31
0.0
  0
LINE
  5
4C
330
17
100
AcDbEntity
  8
A-WALL
100
AcDbLine
 10
78301.950232
 20
-29485.086612
 30
0.0
 11
80144.949399
 21
-31144.530516
 31
0.0
  0
LINE
  5
4D
330
17
100
AcDbEntity
  8
A-WALL
100
AcDbLine
 10
81065.002278
 20
-30122.708351
 30
0.0
 11
80278.77552
 21
-30995.901551
 31
0.0
  0
LINE
  5
4E
330
17
100
AcDbEntity
  8
A-WALL
100
AcDbLine
 10
81042.033732
 20
-26441.915585
 30
0.0
 11
82885.037489
 21
-28101.354391
 31
0.0
  0
LINE
  5
4F
330
17
100
AcDbEntity
  8
A-WALL
100
AcDbLine
 10
83093.178093
 20
-28019.638487
 30
0.0
 11
81175.864443
 21
-26293.281523
 31
0.0
  0
LINE
  5
50
330
17
100
AcDbEntity
  8
A-WALL
100
AcDbLine
 10
14204.697639
 20
-19016.870069
 30
0.0
 11
14670.439588
 21
-19132.992578
 31
0.0
  0
LINE
  5
51
330
17
100
AcDbEntity
  8
A-WALL
100
AcDbLine
 10
14622.055208
 20
-19327.051724
 30
0.0
 11
14156.31326
 21
-19210.929214
 31
0.0
  0
LINE
  5
52
330
17
100
AcDbEntity
  8
A-WALL
100
AcDbLine
 10
113440.866081
 20
-27466.565087
 30
0.0
 11
115151.106651
 21
-28089.041748
 31
0.0
  0
LINE
  5
53
330
17
100
AcDbEntity
  8
A-WALL
100
AcDbLine
 10
113509.27011
 20
-27278.626563
 30
0.0
 11
115219.51068
 21
-27901.103223
 31
0.0
  0
LINE
  5
54
330
17
100
AcDbEntity
  8
A-WALL
100
AcDbLine
 10
116184.768534
 20
-28465.263905
 30
0.0
 11
118176.91689
 21
-29190.346609
 31
0.0
  0
LINE
  5
55
330
17
100
AcDbEntity
  8
A-WALL
100
AcDbLine
 10
116253.172563
 20
-28277.325381
 30
0.0
 11
118245.320919
 21
-29002.408085
 31
0.0
  0
LINE
  5
56
330
17
100
AcDbEntity
  8
A-WALL
100
AcDbLine
 10
115223.789546
 20
-11844.932901
 30
0.0
 11
113503.789546
 21
-11844.932901
 31
0.0
  0
LINE
  5
57
330
17
100
AcDbEntity
  8
A-WALL
100
AcDbLine
 10
115223.789546
 20
-11644.932901
 30
0.0
 11
113503.789546
 21
-11644.932901
 31
0.0
  0
LINE
  5
58
330
17
100
AcDbEntity
  8
A-WALL
100
AcDbLine
 10
115223.789546
 20
-11244.933674
 30
0.0
 11
115223.789546
 21
-9864.93344
 31
0.0
  0
LINE
  5
59
330
17
100
AcDbEntity
  8
A-WALL
100
AcDbLine
 10
115423.789546
 20
-11244.933674
 30
0.0
 11
115423.789546
 21
-9864.93344
 31
0.0
  0
LINE
  5
5A
330
17
100
AcDbEntity
  8
A-WALL
100
AcDbLine
 10
86496.961695
 20
-30277.039082
 30
0.0
 11
88718.475309
 21
-27809.798261
 31
0.0
  0
LINE
  5
5B
330
17
100
AcDbEntity
  8
A-WALL
100
AcDbLine
 10
86348.33273
 20
-30143.21296
 30
0.0
 11
88569.846343
 21
-27675.97214
 31
0.0
  0
LINE
  5
5C
330
17
100
AcDbEntity
  8
A-WALL
100
AcDbLine
 10
44090.099919
 20
-16735.570496
 30
0.0
 11
45320.099919
 21
-16735.572374
 31
0.0
  0
LINE
  5
5D
330
17
100
AcDbEntity
  8
A-WALL
100
AcDbLine
 10
45120.099919
 20
-16535.573539
 30
0.0
 11
45120.099919
 21
-13145.569854
 31
0.0
  0
LINE
  5
5E
330
17
100
AcDbEntity
  8
A-WALL
100
AcDbLine
 10
45320.099919
 20
-16735.571732
 30
0.0
 11
45320.099919
 21
-13145.569854
 31
0.0
  0
LINE
  5
5F
330
17
100
AcDbEntity
  8
A-WALL
100
AcDbLine
 10
45120.099919
 20
-12895.569854
 30
0.0
 11
45120.099919
 21
-10095.569854
 31
0.0
  0
LINE
  5
60
330
17
100
AcDbEntity
  8
A-WALL
100
AcDbLine
 10
45320.099919
 20
-12895.569854
 30
0.0
 11
45320.099919
 21
-10095.569854
 31
0.0
  0
LINE
  5
61
330
17
100
AcDbEntity
  8
A-WALL
100
AcDbLine
 10
45120.099919
 20
-16535.57418
 30
0.0
 11
44090.099919
 21
-16535.57418
 31
0.0
  0
LINE
  5
62
330
17
100
AcDbEntity
  8
A-WALL
100
AcDbLine
 10
56415.099618
 20
-16135.569213
 30
0.0
 11
49925.099618
 21
-16135.569213
 31
0.0
  0
LINE
  5
63
330
17
100
AcDbEntity
  8
A-WALL
100
AcDbLine
 10
56415.099618
 20
-15935.569213
 30
0.0
 11
49925.099618
 21
-15935.569213
 31
0.0
  0
LINE
  5
64
330
17
100
AcDbEntity
  8
A-WALL
100
AcDbLine
 10
43490.099919
 20
-16735.570496
 30
0.0
 11
38530.099919
 21
-16735.570496
 31
0.0
  0
LINE
  5
65
330
17
100
AcDbEntity
  8
A-WALL
100
AcDbLine
 10
43490.099919
 20
-16535.570496
 30
0.0
 11
38605.099619
 21
-16535.570496
 31
0.0
  0
LINE
  5
66
330
17
100
AcDbEntity
  8
A-WALL
100
AcDbLine
 10
38005.099919
 20
-16735.569854
 30
0.0
 11
35185.099921
 21
-16735.569854
 31
0.0
  0
LINE
  5
67
330
17
100
AcDbEntity
  8
A-WALL
100
AcDbLine
 10
33465.099919
 20
-16735.569854
 30
0.0
 11
31515.099618
 21
-16735.569854
 31
0.0
  0
LINE
  5
68
330
17
100
AcDbEntity
  8
A-WALL
100
AcDbLine
 10
14920.844968
 20
-20071.447237
 30
0.0
 11
14472.120944
 21
-21871.180997
 31
0.0
  0
LINE
  5
69
330
17
100
AcDbEntity
  8
A-WALL
100
AcDbLine
 10
15114.904113
 20
-20119.831616
 30
0.0
 11
14666.180089
 21
-21919.565376
 31
0.0
  0
LINE
  5
6A
330
17
100
AcDbEntity
  8
A-WALL
100
AcDbLine
 10
14622.055208
 20
-19327.051724
 30
0.0
 11
14670.439588
 21
-19132.992578
 31
0.0
  0
LINE
  5
6B
330
17
100
AcDbEntity
  8
A-WALL
100
AcDbLine
 10
73343.085546
 20
-9377.127821
 30
0.0
 11
73343.085546
 21
-13883.771589
 31
0.0
  0
LINE
  5
6C
330
17
100
AcDbEntity
  8
A-WALL
100
AcDbLine
 10
73343.085546
 20
-13883.771589
 30
0.0
 11
77048.025916
 21
-13883.771589
 31
0.0
  0
LINE
  5
6D
330
17
100
AcDbEntity
  8
A-WALL
100
AcDbLine
 10
73143.085546
 20
-9599.250324
 30
0.0
 11
73143.085546
 21
-14083.771589
 31
0.0
  0
LINE
  5
6E
330
17
100
AcDbEntity
  8
A-WALL
100
AcDbLine
 10
73143.085546
 20
-14083.771589
 30
0.0
 11
76971.253109
 21
-14083.771589
 31
0.0
  0
LINE
  5
6F
330
17
100
AcDbEntity
  8
A-WALL
100
AcDbLine
 10
7171.109202
 20
-10670.397057
 30
0.0
 11
6538.346158
 21
-11594.524175
 31
0.0
  0
LINE
  5
70
330
17
100
AcDbEntity
  8
A-WALL
100
AcDbLine
 10
17606.620303
 20
-14235.571251
 30
0.0
 11
17556.745283
 21
-14372.601742
 31
0.0
  0
LINE
  5
71
330
17
100
AcDbEntity
  8
A-WALL
100
AcDbLine
 10
17403.832309
 20
-14207.965804
 30
0.0
 11
17368.806759
 21
-14304.197713
 31
0.0
  0
LINE
  5
72
330
17
100
AcDbEntity
  8
A-WALL
100
AcDbLine
 10
40565.099919
 20
-9845.569854
 30
0.0
 11
41685.099919
 21
-9845.569854
 31
0.0
  0
LINE
  5
73
330
17
100
AcDbEntity
  8
A-WALL
100
AcDbLine
 10
41685.099919
 20
-10045.569854
 30
0.0
 11
40565.099919
 21
-10045.569854
 31
0.0
  0
LINE
  5
74
330
17
100
AcDbEntity
  8
A-WALL
100
AcDbLine
 10
119462.631149
 20
-29605.152302
 30
0.0
 11
126125.051831
 21
-32030.075118
 31
0.0
  0
LINE
  5
75
330
17
100
AcDbEntity
  8
A-WALL
100
AcDbLine
 10
119531.033964
 20
-29417.213336
 30
0.0
 11
126193.454645
 21
-31842.136152
 31
0.0
  0
LINE
  5
76
330
17
100
AcDbEntity
  8
A-WALL
100
AcDbLine
 10
114461.85884
 20
-59220.778586
 30
0.0
 11
113641.0105
 21
-61476.040868
 31
0.0
  0
LINE
  5
77
330
17
100
AcDbEntity
  8
A-WALL
100
AcDbLine
 10
114649.797364
 20
-59289.182615
 30
0.0
 11
113828.949024
 21
-61544.444897
 31
0.0
  0
LINE
  5
78
330
17
100
AcDbEntity
  8
A-WALL
100
AcDbLine
 10
115299.290513
 20
-58674.23657
 30
0.0
 11
118823.137845
 21
-59956.812109
 31
0.0
  0
LINE
  5
79
330
17
100
AcDbEntity
  8
A-WALL
100
AcDbLine
 10
115230.886484
 20
-58862.175094
 30
0.0
 11
118754.733816
 21
-60144.750634
 31
0.0
  0
LINE
  5
7A
330
17
100
AcDbEntity
  8
A-WALL
100
AcDbLine
 10
110708.789546
 20
-26514.93344
 30
0.0
 11
112013.789546
 21
-26514.93344
 31
0.0
  0
LINE
  5
7B
330
17
100
AcDbEntity
  8
A-WALL
100
AcDbLine
 10
110908.789546
 20
-26314.93344
 30
0.0
 11
112213.789546
 21
-26314.93344
 31
0.0
  0
LINE
  5
7C
330
17
100
AcDbEntity
  8
A-WALL
100
AcDbLine
 10
112013.789546
 20
-26964.93344
 30
0.0
 11
112013.789546
 21
-26514.93344
 31
0.0
  0
LINE
  5
7D
330
17
100
AcDbEntity
  8
A-WALL
100
AcDbLine
 10
112213.789546
 20
-26964.93344
 30
0.0
 11
112213.789546
 21
-26314.93344
 31
0.0
  0
LINE
  5
7E
330
17
100
AcDbEntity
  8
A-WALL
100
AcDbLine
 10
84739.168815
 20
-29838.103373
 30
0.0
 11
85170.192814
 21
-30226.199125
 31
0.0
  0
LINE
  5
7F
330
17
100
AcDbEntity
  8
A-WALL
100
AcDbLine
 10
84872.994937
 20
-29689.474408
 30
0.0
 11
85304.018935
 21
-30077.570159
 31
0.0
  0
LINE
  5
80
330
17
100
AcDbEntity
  8
A-WALL
100
AcDbLine
 10
85304.018935
 20
-30077.570159
 30
0.0
 11
85170.192814
 21
-30226.199125
 31
0.0
  0
LINE
  5
81
330
17
100
AcDbEntity
  8
A-WALL
100
AcDbLine
 10
14283.344828
 20
-24488.425114
 30
0.0
 11
13912.462879
 21
-25975.951362
 31
0.0
  0
LINE
  5
82
330
17
100
AcDbEntity
  8
A-WALL
100
AcDbLine
 10
14477.403973
 20
-24536.809494
 30
0.0
 11
14101.436621
 21
-26044.73218
 31
0.0
  0
LINE
  5
83
330
17
100
AcDbEntity
  8
A-WALL
100
AcDbLine
 10
26245.099611
 20
-14235.569052
 30
0.0
 11
24225.099618
 21
-14235.569052
 31
0.0
  0
LINE
  5
84
330
17
100
AcDbEntity
  8
A-WALL
100
AcDbLine
 10
27245.099618
 20
-14035.569052
 30
0.0
 11
24225.099618
 21
-14035.569052
 31
0.0
  0
LINE
  5
85
330
17
100
AcDbEntity
  8
A-WALL
100
AcDbLine
 10
108353.789386
 20
-13664.933476
 30
0.0
 11
108353.789386
 21
-11844.934232
 31
0.0
  0
LINE
  5
86
330
17
100
AcDbEntity
  8
A-WALL
100
AcDbLine
 10
108153.789386
 20
-13664.933476
 30
0.0
 11
108153.789386
 21
-11644.934232
 31
0.0
  0
LINE
  5
87
330
17
100
AcDbEntity
  8
A-WALL
100
AcDbLine
 10
67240.614655
 20
-16154.608231
 30
0.0
 11
70449.014775
 21
-19043.464675
 31
0.0
  0
LINE
  5
88
330
17
100
AcDbEntity
  8
A-WALL
100
AcDbLine
 10
67374.440776
 20
-16005.979266
 30
0.0
 11
70683.092399
 21
-18985.102568
 31
0.0
  0
LINE
  5
89
330
17
100
AcDbEntity
  8
A-WALL
100
AcDbLine
 10
26245.099611
 20
-14035.569337
 30
0.0
 11
27245.099618
 21
-14035.569373
 31
0.0
  0
LINE
  5
8A
330
17
100
AcDbEntity
  8
A-WALL
100
AcDbLine
 10
110623.790864
 20
-11844.934232
 30
0.0
 11
109753.789386
 21
-11844.934232
 31
0.0
  0
LINE
  5
8B
330
17
100
AcDbEntity
  8
A-WALL
100
AcDbLine
 10
110623.790864
 20
-11644.934232
 30
0.0
 11
108153.789386
 21
-11644.934232
 31
0.0
  0
LINE
  5
8C
330
17
100
AcDbEntity
  8
A-WALL
100
AcDbLine
 10
30915.09934
 20
-16535.583189
 30
0.0
 11
27465.099611
 21
-16535.583189
 31
0.0
  0
LINE
  5
8D
330
17
100
AcDbEntity
  8
A-WALL
100
AcDbLine
 10
30915.09934
 20
-16335.583189
 30
0.0
 11
29615.099596
 21
-16335.583189
 31
0.0
  0
LINE
  5
8E
330
17
100
AcDbEntity
  8
A-WALL
100
AcDbLine
 10
27845.099611
 20
-14235.582422
 30
0.0
 11
29415.09934
 21
-14235.582211
 31
0.0
  0
LINE
  5
8F
330
17
100
AcDbEntity
  8
A-WALL
100
AcDbLine
 10
27845.099584
 20
-14035.582422
 30
0.0
 11
30915.099919
 21
-14035.582009
 31
0.0
  0
LINE
  5
90
330
17
100
AcDbEntity
  8
A-WALL
100
AcDbLine
 10
65745.707442
 20
-32550.456251
 30
0.0
 11
67017.762297
 21
-29055.514259
 31
0.0
  0
LINE
  5
91
330
17
100
AcDbEntity
  8
A-WALL
100
AcDbLine
 10
65489.364889
 20
-32669.990747
 30
0.0
 11
70449.014775
 21
-19043.464675
 31
0.0
  0
LINE
  5
92
330
17
100
AcDbEntity
  8
A-WALL
100
AcDbLine
 10
71333.576198
 20
-30413.5065
 30
0.0
 11
67086.166326
 21
-28867.575735
 31
0.0
  0
LINE
  5
93
330
17
100
AcDbEntity
  8
A-WALL
100
AcDbLine
 10
71265.172169
 20
-30601.445025
 30
0.0
 11
70118.743671
 21
-30184.179176
 31
0.0
  0
LINE
  5
94
330
17
100
AcDbEntity
  8
A-WALL
100
AcDbLine
 10
67086.166326
 20
-28867.575735
 30
0.0
 11
70683.092399
 21
-18985.102568
 31
0.0
  0
LINE
  5
95
330
17
100
AcDbEntity
  8
A-WALL
100
AcDbLine
 10
69051.900902
 20
-33115.305596
 30
0.0
 11
70118.743671
 21
-30184.179176
 31
0.0
  0
LINE
  5
96
330
17
100
AcDbEntity
  8
A-WALL
100
AcDbLine
 10
68863.962378
 20
-33046.901567
 30
0.0
 11
69930.805147
 21
-30115.775147
 31
0.0
  0
LINE
  5
97
330
17
100
AcDbEntity
  8
A-WALL
100
AcDbLine
 10
69930.805147
 20
-30115.775147
 30
0.0
 11
67017.762297
 21
-29055.514259
 31
0.0
  0
LINE
  5
98
330
17
100
AcDbEntity
  8
A-WALL
100
AcDbLine
 10
29415.099596
 20
-16335.583189
 30
0.0
 11
29415.09934
 21
-14235.582211
 31
0.0
  0
LINE
  5
99
330
17
100
AcDbEntity
  8
A-WALL
100
AcDbLine
 10
29615.099596
 20
-16335.583189
 30
0.0
 11
29615.09934
 21
-14235.582184
 31
0.0
  0
LINE
  5
9A
330
17
100
AcDbEntity
  8
A-WALL
100
AcDbLine
 10
29415.099596
 20
-16335.583189
 30
0.0
 11
27465.099611
 21
-16335.583189
 31
0.0
  0
LINE
  5
9B
330
17
100
AcDbEntity
  8
A-WALL
100
AcDbLine
 10
27465.099611
 20
-16535.583189
 30
0.0
 11
27465.099611
 21
-16335.583189
 31
0.0
  0
LINE
  5
9C
330
17
100
AcDbEntity
  8
A-WALL
100
AcDbLine
 10
106173.789546
 20
-18134.93344
 30
0.0
 11
108153.789546
 21
-18134.93344
 31
0.0
  0
LINE
  5
9D
330
17
100
AcDbEntity
  8
A-WALL
100
AcDbLine
 10
106173.789546
 20
-18334.93344
 30
0.0
 11
108153.789546
 21
-18334.93344
 31
0.0
  0
LINE
  5
9E
330
17
100
AcDbEntity
  8
A-WALL
100
AcDbLine
 10
109553.789386
 20
-11844.934232
 30
0.0
 11
109553.789386
 21
-13664.93344
 31
0.0
  0
LINE
  5
9F
330
17
100
AcDbEntity
  8
A-WALL
100
AcDbLine
 10
109753.789386
 20
-11844.934232
 30
0.0
 11
109753.789386
 21
-13664.93344
 31
0.0
  0
LINE
  5
A0
330
17
100
AcDbEntity
  8
A-WALL
100
AcDbLine
 10
109553.789386
 20
-11844.934232
 30
0.0
 11
108353.789386
 21
-11844.934232
 31
0.0
  0
LINE
  5
A1
330
17
100
AcDbEntity
  8
A-WALL
100
AcDbLine
 10
26445.099611
 20
-16535.583189
 30
0.0
 11
26445.099611
 21
-14235.569973
 31
0.0
  0
LINE
  5
A2
330
17
100
AcDbEntity
  8
A-WALL
100
AcDbLine
 10
26245.099611
 20
-16535.583189
 30
0.0
 11
26245.099611
 21
-14235.569052
 31
0.0
  0
LINE
  5
A3
330
17
100
AcDbEntity
  8
A-WALL
100
AcDbLine
 10
26445.099611
 20
-14235.569973
 30
0.0
 11
27245.099618
 21
-14235.569844
 31
0.0
  0
LINE
  5
A4
330
17
100
AcDbEntity
  8
A-WALL
100
AcDbLine
 10
29615.09934
 20
-14235.582184
 30
0.0
 11
30915.099919
 21
-14235.582009
 31
0.0
  0
LINE
  5
A5
330
17
100
AcDbEntity
  8
A-WALL
100
AcDbLine
 10
26445.099611
 20
-16535.583189
 30
0.0
 11
26245.099611
 21
-16535.583189
 31
0.0
  0
LINE
  5
A6
330
17
100
AcDbEntity
  8
A-WALL
100
AcDbLine
 10
82395.17078
 20
-31589.523996
 30
0.0
 11
81592.21405
 21
-32481.297788
 31
0.0
  0
LINE
  5
A7
330
17
100
AcDbEntity
  8
A-WALL
100
AcDbLine
 10
82483.988486
 20
-33284.255096
 30
0.0
 11
81592.21405
 21
-32481.297788
 31
0.0
  0
LINE
  5
A8
330
17
100
AcDbEntity
  8
A-WALL
100
AcDbLine
 10
82246.541814
 20
-31455.697874
 30
0.0
 11
81309.758964
 21
-32496.100632
 31
0.0
  0
LINE
  5
A9
330
17
100
AcDbEntity
  8
A-WALL
100
AcDbLine
 10
82350.162365
 20
-33432.884061
 30
0.0
 11
81309.758964
 21
-32496.100632
 31
0.0
  0
LINE
  5
AA
330
17
100
AcDbEntity
  8
A-WALL
100
AcDbLine
 10
83822.655591
 20
-19983.674935
 30
0.0
 11
84811.040593
 21
-20873.620777
 31
0.0
  0
LINE
  5
AB
330
17
100
AcDbEntity
  8
A-WALL
100
AcDbLine
 10
83688.82947
 20
-20132.303901
 30
0.0
 11
84677.214472
 21
-21022.249742
 31
0.0
  0
LINE
  5
AC
330
17
100
AcDbEntity
  8
A-WALL
100
AcDbLine
 10
81426.014515
 20
-17825.730229
 30
0.0
 11
82778.538097
 21
-19043.547933
 31
0.0
  0
LINE
  5
AD
330
17
100
AcDbEntity
  8
A-WALL
100
AcDbLine
 10
81292.188393
 20
-17974.359194
 30
0.0
 11
82644.711976
 21
-19192.176898
 31
0.0
  0
LINE
  5
AE
330
17
100
AcDbEntity
  8
A-WALL
100
AcDbLine
 10
79033.088177
 20
-15671.129677
 30
0.0
 11
80608.555207
 21
-17089.686562
 31
0.0
  0
LINE
  5
AF
330
17
100
AcDbEntity
  8
A-WALL
100
AcDbLine
 10
78899.262055
 20
-15819.758642
 30
0.0
 11
80474.729085
 21
-17238.315527
 31
0.0
  0
LINE
  5
B0
330
17
100
AcDbEntity
  8
A-WALL
100
AcDbLine
 10
77048.025916
 20
-13883.771589
 30
0.0
 11
78141.615267
 21
-14868.443864
 31
0.0
  0
LINE
  5
B1
330
17
100
AcDbEntity
  8
A-WALL
100
AcDbLine
 10
76971.253109
 20
-14083.771589
 30
0.0
 11
78007.789146
 21
-15017.072829
 31
0.0
  0
LINE
  5
B2
330
17
100
AcDbEntity
  8
A-WALL
100
AcDbLine
 10
47770.100246
 20
-12895.572648
 30
0.0
 11
47770.099969
 21
-13095.572648
 31
0.0
  0
LINE
  5
B3
330
17
100
AcDbEntity
  8
A-WALL
100
AcDbLine
 10
47770.099969
 20
-13095.572648
 30
0.0
 11
48120.099919
 21
-13095.572648
 31
0.0
  0
LINE
  5
B4
330
17
100
AcDbEntity
  8
A-WALL
100
AcDbLine
 10
47770.099969
 20
-12895.572648
 30
0.0
 11
48120.099919
 21
-12895.572648
 31
0.0
  0
LINE
  5
B5
330
17
100
AcDbEntity
  8
A-WALL
100
AcDbLine
 10
82565.276692
 20
-28755.384132
 30
1e-06
 11
82416.647912
 21
-28621.557805
 31
1e-06
  0
LINE
  5
B6
330
17
100
AcDbEntity
  8
A-WALL
100
AcDbLine
 10
82416.647912
 20
-28621.557805
 30
1e-06
 11
82617.386292
 21
-28398.614008
 31
0.0
  0
LINE
  5
B7
330
17
100
AcDbEntity
  8
A-WALL
100
AcDbLine
 10
82565.277247
 20
-28755.383515
 30
1e-06
 11
82766.015627
 21
-28532.439718
 31
0.0
  0
LINE
  5
B8
330
17
100
AcDbEntity
  8
A-WALL
100
AcDbLine
 10
76926.802017
 20
-31789.471235
 30
0.0
 11
75822.096675
 21
-31387.391373
 31
0.0
  0
LINE
  5
B9
330
17
100
AcDbEntity
  8
A-WALL
100
AcDbLine
 10
76978.755117
 20
-31731.771472
 30
0.0
 11
76926.802017
 21
-31789.471235
 31
0.0
  0
LINE
  5
BA
330
17
100
AcDbEntity
  8
A-WALL
100
AcDbLine
 10
77518.327184
 20
-32217.604343
 30
0.0
 11
75734.032045
 21
-31568.174024
 31
0.0
  0
LINE
  5
BB
330
17
100
AcDbEntity
  8
A-WALL
100
AcDbLine
 10
113253.789546
 20
-13974.932901
 30
0.0
 11
113253.789997
 21
-12854.932629
 31
0.0
  0
LINE
  5
BC
330
17
100
AcDbEntity
  8
A-WALL
100
AcDbLine
 10
113453.789546
 20
-13974.932982
 30
0.0
 11
113453.789997
 21
-12854.932709
 31
0.0
  0
LINE
  5
BD
330
17
100
AcDbEntity
  8
A-WALL
100
AcDbLine
 10
14472.642572
 20
-22695.801957
 30
0.0
 11
14311.723419
 21
-23341.213427
 31
0.0
  0
LINE
  5
BE
330
17
100
AcDbEntity
  8
A-WALL
100
AcDbLine
 10
14278.583427
 20
-22647.417578
 30
0.0
 11
14117.664274
 21
-23292.829048
 31
0.0
  0
LINE
  5
BF
330
17
100
AcDbEntity
  8
A-WALL
100
AcDbLine
 10
81065.002278
 20
-30122.708351
 30
0.0
 11
82811.39258
 21
-31695.165242
 31
0.0
  0
LINE
  5
C0
330
17
100
AcDbEntity
  8
A-WALL
100
AcDbLine
 10
81079.805115
 20
-30405.163432
 30
0.0
 11
82246.541814
 21
-31455.697874
 31
0.0
  0
LINE
  5
C1
330
17
100
AcDbEntity
  8
A-WALL
100
AcDbLine
 10
83272.142371
 20
-32110.026218
 30
93.333333
 11
83138.31625
 21
-32258.655183
 31
93.333333
  0
LINE
  5
C2
330
17
100
AcDbEntity
  8
A-WALL
100
AcDbLine
 10
82811.39258
 20
-31695.165242
 30
93.333333
 11
82677.566458
 21
-31843.794207
 31
93.333333
  0
LINE
  5
C3
330
17
100
AcDbEntity
  8
A-WALL
100
AcDbLine
 10
83138.31625
 20
-32258.655183
 30
93.333333
 11
83249.787974
 21
-32359.024774
 31
93.333333
  0
LINE
  5
C4
330
17
100
AcDbEntity
  8
A-WALL
100
AcDbLine
 10
83272.142371
 20
-32110.026218
 30
93.333333
 11
83383.614095
 21
-32210.395809
 31
93.333333
  0
LINE
  5
C5
330
17
100
AcDbEntity
  8
A-WALL
100
AcDbLine
 10
82395.17078
 20
-31589.523996
 30
93.333333
 11
82677.566458
 21
-31843.794207
 31
93.333333
  0
LINE
  5
C6
330
17
100
AcDbEntity
  8
A-WALL
100
AcDbLine
 10
81079.805115
 20
-30405.163432
 30
0.0
 11
80427.404485
 21
-31129.727672
 31
0.0
  0
LINE
  5
C7
330
17
100
AcDbEntity
  8
A-WALL
100
AcDbLine
 10
89579.373472
 20
-27077.845469
 30
0.0
 11
91748.62569
 21
-24668.646808
 31
0.0
  0
LINE
  5
C8
330
17
100
AcDbEntity
  8
A-WALL
100
AcDbLine
 10
89430.744507
 20
-26944.019347
 30
0.0
 11
91545.927463
 21
-24594.870686
 31
0.0
  0
LINE
  5
C9
330
17
100
AcDbEntity
  8
A-WALL
100
AcDbLine
 10
77177.005102
 20
-22679.235341
 30
0.0
 11
76344.682632
 21
-21929.808951
 31
0.0
  0
LINE
  5
CA
330
17
100
AcDbEntity
  8
A-WALL
100
AcDbLine
 10
77310.831211
 20
-22530.606364
 30
0.0
 11
76478.508741
 21
-21781.179974
 31
0.0
  0
LINE
  5
CB
330
17
100
AcDbEntity
  8
A-WALL
100
AcDbLine
 10
16787.717636
 20
-14731.205233
 30
0.0
 11
16726.815322
 21
-14709.038603
 31
0.0
  0
LINE
  5
CC
330
17
100
AcDbEntity
  8
A-WALL
100
AcDbLine
 10
16719.313596
 20
-14919.143752
 30
0.0
 11
16668.260734
 21
-14900.56203
 31
0.0
  0
LINE
  5
CD
330
17
100
AcDbEntity
  8
A-WALL
100
AcDbLine
 10
17606.620303
 20
-14235.571251
 30
0.0
 11
17556.745283
 21
-14372.601742
 31
0.0
  0
LINE
  5
CE
330
17
100
AcDbEntity
  8
A-WALL
100
AcDbLine
 10
17403.832309
 20
-14207.965804
 30
0.0
 11
17368.806759
 21
-14304.197713
 31
0.0
  0
LINE
  5
CF
330
17
100
AcDbEntity
  8
A-WALL
100
AcDbLine
 10
15866.185788
 20
-15370.507891
 30
0.0
 11
16023.441298
 21
-14739.790488
 31
0.0
  0
LINE
  5
D0
330
17
100
AcDbEntity
  8
A-WALL
100
AcDbLine
 10
15689.067448
 20
-15254.17765
 30
0.0
 11
15829.382153
 21
-14691.406109
 31
0.0
  0
LINE
  5
D1
330
17
100
AcDbEntity
  8
A-WALL
100
AcDbLine
 10
14374.721002
 20
-15565.454726
 30
0.0
 11
14665.027281
 21
-14401.099834
 31
0.0
  0
LINE
  5
D2
330
17
100
AcDbEntity
  8
A-WALL
100
AcDbLine
 10
14180.661856
 20
-15517.070347
 30
0.0
 11
14519.352515
 21
-14158.65631
 31
0.0
  0
LINE
  5
D3
330
17
100
AcDbEntity
  8
A-WALL
100
AcDbLine
 10
15689.067448
 20
-15254.17765
 30
0.0
 11
15883.126594
 21
-15302.562029
 31
0.0
  0
LINE
  5
D4
330
17
100
AcDbEntity
  8
A-WALL
100
AcDbLine
 10
12619.271427
 20
-14463.052923
 30
0.0
 11
9873.335301
 21
-13778.414153
 31
0.0
  0
LINE
  5
D5
330
17
100
AcDbEntity
  8
A-WALL
100
AcDbLine
 10
12570.887048
 20
-14657.112068
 30
0.0
 11
9824.950922
 21
-13972.473298
 31
0.0
  0
LINE
  5
D6
330
17
100
AcDbEntity
  8
A-WALL
100
AcDbLine
 10
11877.770145
 20
-17437.010155
 30
0.0
 11
11643.106726
 21
-18378.193722
 31
0.0
  0
LINE
  5
D7
330
17
100
AcDbEntity
  8
A-WALL
100
AcDbLine
 10
12120.220763
 20
-17291.306941
 30
0.0
 11
11837.165871
 21
-18426.578101
 31
0.0
  0
LINE
  5
D8
330
17
100
AcDbEntity
  8
A-WALL
100
AcDbLine
 10
12120.220484
 20
-17291.337373
 30
0.0
 11
10839.426398
 21
-16971.997661
 31
0.0
  0
LINE
  5
D9
330
17
100
AcDbEntity
  8
A-WALL
100
AcDbLine
 10
11877.770145
 20
-17437.010155
 30
0.0
 11
10791.041751
 21
-17166.056739
 31
0.0
  0
LINE
  5
DA
330
17
100
AcDbEntity
  8
A-WALL
100
AcDbLine
 10
11837.165871
 20
-18426.578101
 30
4e-06
 11
11643.106726
 21
-18378.193722
 31
4e-06
  0
LINE
  5
DB
330
17
100
AcDbEntity
  8
A-WALL
100
AcDbLine
 10
110708.789546
 20
-23844.93344
 30
0.0
 11
110708.789546
 21
-21014.93344
 31
0.0
  0
LINE
  5
DC
330
17
100
AcDbEntity
  8
A-WALL
100
AcDbLine
 10
110908.789546
 20
-23844.93344
 30
0.0
 11
110908.789546
 21
-21014.93344
 31
0.0
  0
LINE
  5
DD
330
17
100
AcDbEntity
  8
A-WALL
100
AcDbLine
 10
107793.784824
 20
-23894.932989
 30
0.0
 11
107793.784824
 21
-22724.933441
 31
0.0
  0
LINE
  5
DE
330
17
100
AcDbEntity
  8
A-WALL
100
AcDbLine
 10
106823.789546
 20
-26484.93344
 30
0.0
 11
106823.789546
 21
-26964.93344
 31
0.0
  0
LINE
  5
DF
330
17
100
AcDbEntity
  8
A-WALL
100
AcDbLine
 10
106823.789546
 20
-26964.93344
 30
0.0
 11
106623.789546
 21
-26964.93344
 31
0.0
  0
LINE
  5
E0
330
17
100
AcDbEntity
  8
A-WALL
100
AcDbLine
 10
106623.789546
 20
-26964.93344
 30
0.0
 11
106623.789546
 21
-26484.93344
 31
0.0
  0
LINE
  5
E1
330
17
100
AcDbEntity
  8
A-WALL
100
AcDbLine
 10
106973.789546
 20
-27750.348207
 30
0.0
 11
106080.617399
 21
-30204.318514
 31
0.0
  0
LINE
  5
E2
330
17
100
AcDbEntity
  8
A-WALL
100
AcDbLine
 10
106080.617399
 20
-30204.318514
 30
0.0
 11
103120.585655
 21
-29126.955067
 31
0.0
  0
LINE
  5
E3
330
17
100
AcDbEntity
  8
A-WALL
100
AcDbLine
 10
106773.789546
 20
-27715.082811
 30
0.0
 11
105961.082903
 21
-29947.975961
 31
0.0
  0
LINE
  5
E4
330
17
100
AcDbEntity
  8
A-WALL
100
AcDbLine
 10
105961.082903
 20
-29947.975961
 30
0.0
 11
104645.513234
 21
-29469.14776
 31
0.0
  0
LINE
  5
E5
330
17
100
AcDbEntity
  8
A-WALL
100
AcDbLine
 10
104457.57471
 20
-29400.743731
 30
0.0
 11
103188.989684
 21
-28939.016542
 31
0.0
  0
LINE
  5
E6
330
17
100
AcDbEntity
  8
A-WALL
100
AcDbLine
 10
102162.099182
 20
-28778.09452
 30
0.0
 11
102230.50321
 21
-28590.155996
 31
0.0
  0
LINE
  5
E7
330
17
100
AcDbEntity
  8
A-WALL
100
AcDbLine
 10
102162.099182
 20
-28778.09452
 30
0.0
 11
101382.158589
 21
-28494.21936
 31
0.0
  0
LINE
  5
E8
330
17
100
AcDbEntity
  8
A-WALL
100
AcDbLine
 10
110908.789546
 20
-24094.932989
 30
0.0
 11
110908.789546
 21
-26314.93344
 31
0.0
  0
LINE
  5
E9
330
17
100
AcDbEntity
  8
A-WALL
100
AcDbLine
 10
110708.789546
 20
-24094.932989
 30
0.0
 11
110708.789546
 21
-26514.93344
 31
0.0
  0
LINE
  5
EA
330
17
100
AcDbEntity
  8
A-WALL
100
AcDbLine
 10
110013.784824
 20
-23894.932989
 30
0.0
 11
110013.784824
 21
-24094.932989
 31
0.0
  0
LINE
  5
EB
330
17
100
AcDbEntity
  8
A-WALL
100
AcDbLine
 10
110013.784824
 20
-24094.932989
 30
0.0
 11
110708.789546
 21
-24094.932989
 31
0.0
  0
LINE
  5
EC
330
17
100
AcDbEntity
  8
A-WALL
100
AcDbLine
 10
110013.784824
 20
-23894.932989
 30
0.0
 11
110708.789546
 21
-23894.932989
 31
0.0
  0
LINE
  5
ED
330
17
100
AcDbEntity
  8
A-WALL
100
AcDbLine
 10
108393.784508
 20
-23894.932989
 30
0.0
 11
107993.784824
 21
-23894.932989
 31
0.0
  0
LINE
  5
EE
330
17
100
AcDbEntity
  8
A-WALL
100
AcDbLine
 10
107993.784824
 20
-24094.932989
 30
0.0
 11
106848.789546
 21
-24094.932989
 31
0.0
  0
LINE
  5
EF
330
17
100
AcDbEntity
  8
A-WALL
100
AcDbLine
 10
107993.784824
 20
-24094.932989
 30
0.0
 11
107993.784824
 21
-22724.933441
 31
0.0
  0
LINE
  5
F0
330
17
100
AcDbEntity
  8
A-WALL
100
AcDbLine
 10
106848.789546
 20
-24094.932989
 30
0.0
 11
106848.789546
 21
-23894.932989
 31
0.0
  0
LINE
  5
F1
330
17
100
AcDbEntity
  8
A-WALL
100
AcDbLine
 10
107793.784824
 20
-23894.932989
 30
0.0
 11
106848.789546
 21
-23894.932989
 31
0.0
  0
LINE
  5
F2
330
17
100
AcDbEntity
  8
A-WALL
100
AcDbLine
 10
106590.792391
 20
-26384.93344
 30
0.0
 11
105768.075442
 21
-26384.93344
 31
0.0
  0
LINE
  5
F3
330
17
100
AcDbEntity
  8
A-WALL
100
AcDbLine
 10
106590.792391
 20
-26184.93344
 30
0.0
 11
102128.789546
 21
-26184.93344
 31
0.0
  0
LINE
  5
F4
330
17
100
AcDbEntity
  8
A-WALL
100
AcDbLine
 10
105555.239888
 20
-26384.93344
 30
0.0
 11
102128.789546
 21
-26384.93344
 31
0.0
  0
LINE
  5
F5
330
17
100
AcDbEntity
  8
A-WALL
100
AcDbLine
 10
101943.789546
 20
-27384.93344
 30
0.0
 11
101943.789546
 21
-26384.93344
 31
0.0
  0
LINE
  5
F6
330
17
100
AcDbEntity
  8
A-WALL
100
AcDbLine
 10
102143.789546
 20
-27384.93344
 30
0.0
 11
102143.789546
 21
-26384.93344
 31
0.0
  0
LINE
  5
F7
330
17
100
AcDbEntity
  8
A-WALL
100
AcDbLine
 10
103120.585655
 20
-29126.955067
 30
0.0
 11
103188.989684
 21
-28939.016542
 31
0.0
  0
LINE
  5
F8
330
17
100
AcDbEntity
  8
A-WALL
100
AcDbLine
 10
102230.50321
 20
-28590.155996
 30
0.0
 11
101450.562618
 21
-28306.280836
 31
0.0
  0
LINE
  5
F9
330
17
100
AcDbEntity
  8
A-WALL
100
AcDbLine
 10
106973.789546
 20
-27634.93344
 30
0.0
 11
106973.789546
 21
-27750.348207
 31
0.0
  0
LINE
  5
FA
330
17
100
AcDbEntity
  8
A-WALL
100
AcDbLine
 10
106773.789546
 20
-27634.93344
 30
0.0
 11
106773.789546
 21
-27715.082811
 31
0.0
  0
LINE
  5
FB
330
17
100
AcDbEntity
  8
A-WALL
100
AcDbLine
 10
105768.075442
 20
-26384.93344
 30
0.0
 11
104645.513234
 21
-29469.14776
 31
0.0
  0
LINE
  5
FC
330
17
100
AcDbEntity
  8
A-WALL
100
AcDbLine
 10
105555.239888
 20
-26384.93344
 30
0.0
 11
104457.57471
 21
-29400.743731
 31
0.0
  0
LINE
  5
FD
330
17
100
AcDbEntity
  8
A-WALL
100
AcDbLine
 10
12570.879906
 20
-14657.110288
 30
0.0
 11
12414.846557
 21
-15282.925871
 31
0.0
  0
LINE
  5
FE
330
17
100
AcDbEntity
  8
A-WALL
100
AcDbLine
 10
12414.846557
 20
-15282.925871
 30
0.0
 11
15442.176708
 21
-16037.724051
 31
0.0
  0
LINE
  5
FF
330
17
100
AcDbEntity
  8
A-WALL
100
AcDbLine
 10
12764.939052
 20
-14705.494667
 30
0.0
 11
12657.290081
 21
-15137.251105
 31
0.0
  0
LINE
  5
100
330
17
100
AcDbEntity
  8
A-WALL
100
AcDbLine
 10
11837.165871
 20
-18426.578101
 30
4e-06
 11
11643.106726
 21
-18378.193722
 31
4e-06
  0
LINE
  5
101
330
17
100
AcDbEntity
  8
A-WALL
100
AcDbLine
 10
12657.290081
 20
-15137.251105
 30
0.0
 11
14180.661856
 21
-15517.070347
 31
0.0
  0
LINE
  5
102
330
17
100
AcDbEntity
  8
A-WALL
100
AcDbLine
 10
15733.135018
 20
-15904.14538
 30
0.0
 11
15716.194212
 21
-15972.091241
 31
0.0
  0
LINE
  5
103
330
17
100
AcDbEntity
  8
A-WALL
100
AcDbLine
 10
14374.721002
 20
-15565.454726
 30
0.0
 11
15733.135018
 21
-15904.14538
 31
0.0
  0
LINE
  5
104
330
17
100
AcDbEntity
  8
A-WALL
100
AcDbLine
 10
16668.260734
 20
-14900.56203
 30
0.0
 11
16023.441298
 21
-14739.790488
 31
0.0
  0
LINE
  5
105
330
17
100
AcDbEntity
  8
A-WALL
100
AcDbLine
 10
38005.099619
 20
-16535.570496
 30
0.0
 11
35185.099921
 21
-16535.570496
 31
0.0
  0
LINE
  5
106
330
17
100
AcDbEntity
  8
A-WALL
100
AcDbLine
 10
33465.099919
 20
-16535.570496
 30
0.0
 11
31515.099619
 21
-16535.570496
 31
0.0
  0
LINE
  5
107
330
17
100
AcDbEntity
  8
A-WALL
100
AcDbLine
 10
33465.099919
 20
-16535.569858
 30
0.0
 11
33465.099919
 21
-16735.569854
 31
0.0
  0
LINE
  5
108
330
17
100
AcDbEntity
  8
A-WALL
100
AcDbLine
 10
76336.21451
 20
-44503.478435
 30
0.0
 11
77745.754729
 21
-45016.505732
 31
0.0
  0
LINE
  5
109
330
17
100
AcDbEntity
  8
A-WALL
100
AcDbLine
 10
84619.6095
 20
-33323.303844
 30
0.0
 11
83569.400183
 21
-32377.691127
 31
0.0
  0
LINE
  5
10A
330
17
100
AcDbEntity
  8
A-WALL
100
AcDbLine
 10
84385.531876
 20
-33381.665951
 30
0.0
 11
83435.574061
 21
-32526.320092
 31
0.0
  0
LINE
  5
10B
330
17
100
AcDbEntity
  8
A-WALL
100
AcDbLine
 10
83134.464762
 20
-32860.722016
 30
0.0
 11
81916.647059
 21
-34213.245598
 31
0.0
  0
LINE
  5
10C
330
17
100
AcDbEntity
  8
A-WALL
100
AcDbLine
 10
82985.835797
 20
-32726.895895
 30
0.0
 11
82483.987841
 21
-33284.254515
 31
0.0
  0
LINE
  5
10D
330
17
100
AcDbEntity
  8
A-WALL
100
AcDbLine
 10
82350.16172
 20
-33432.88348
 30
0.0
 11
81768.018094
 21
-34079.419477
 31
0.0
  0
LINE
  5
10E
330
17
100
AcDbEntity
  8
A-WALL
100
AcDbLine
 10
77276.238811
 20
-48645.529833
 30
0.0
 11
78292.038637
 21
-45854.64275
 31
0.0
  0
LINE
  5
10F
330
17
100
AcDbEntity
  8
A-WALL
100
AcDbLine
 10
77088.300287
 20
-48577.125805
 30
0.0
 11
78104.100113
 21
-45786.238721
 31
0.0
  0
LINE
  5
110
330
17
100
AcDbEntity
  8
A-WALL
100
AcDbLine
 10
67926.297235
 20
-45242.429407
 30
0.0
 11
68942.09706
 21
-42451.542323
 31
0.0
  0
LINE
  5
111
330
17
100
AcDbEntity
  8
A-WALL
100
AcDbLine
 10
68114.235759
 20
-45310.833436
 30
0.0
 11
69130.035584
 21
-42519.946352
 31
0.0
  0
LINE
  5
112
330
17
100
AcDbEntity
  8
A-WALL
100
AcDbLine
 10
70209.161808
 20
-42274.209513
 30
0.0
 11
70838.755864
 21
-42503.363009
 31
0.0
  0
LINE
  5
113
330
17
100
AcDbEntity
  8
A-WALL
100
AcDbLine
 10
70140.757779
 20
-42462.148037
 30
0.0
 11
70770.351835
 21
-42691.301533
 31
0.0
  0
LINE
  5
114
330
17
100
AcDbEntity
  8
A-WALL
100
AcDbLine
 10
76267.553667
 20
-44692.119372
 30
0.0
 11
77235.437066
 21
-45044.400119
 31
0.0
  0
LINE
  5
115
330
17
100
AcDbEntity
  8
A-WALL
100
AcDbLine
 10
76335.957695
 20
-44504.180847
 30
0.0
 11
77303.841095
 21
-44856.461595
 31
0.0
  0
LINE
  5
116
330
17
100
AcDbEntity
  8
A-WALL
100
AcDbLine
 10
74106.260639
 20
-43905.473042
 30
0.0
 11
75299.670267
 21
-44339.838624
 31
0.0
  0
LINE
  5
117
330
17
100
AcDbEntity
  8
A-WALL
100
AcDbLine
 10
74174.664667
 20
-43717.534518
 30
0.0
 11
75368.074296
 21
-44151.9001
 31
0.0
  0
LINE
  5
118
330
17
100
AcDbEntity
  8
A-WALL
100
AcDbLine
 10
71785.219865
 20
-43060.683288
 30
0.0
 11
73138.377239
 21
-43553.192294
 31
0.0
  0
LINE
  5
119
330
17
100
AcDbEntity
  8
A-WALL
100
AcDbLine
 10
71853.623894
 20
-42872.744764
 30
0.0
 11
73206.781268
 21
-43365.25377
 31
0.0
  0
LINE
  5
11A
330
17
100
AcDbEntity
  8
A-WALL
100
AcDbLine
 10
83634.928406
 20
-36028.692916
 30
0.0
 11
84192.165276
 21
-34497.697199
 31
0.0
  0
LINE
  5
11B
330
17
100
AcDbEntity
  8
A-WALL
100
AcDbLine
 10
83327.026838
 20
-36289.884642
 30
0.0
 11
84004.226752
 21
-34429.293171
 31
0.0
  0
LINE
  5
11C
330
17
100
AcDbEntity
  8
A-WALL
100
AcDbLine
 10
80214.343196
 20
-38029.444551
 30
0.0
 11
82591.767523
 21
-38894.75624
 31
0.0
  0
LINE
  5
11D
330
17
100
AcDbEntity
  8
A-WALL
100
AcDbLine
 10
80145.939168
 20
-38217.383075
 30
0.0
 11
80775.533224
 21
-38446.536571
 31
0.0
  0
LINE
  5
11E
330
17
100
AcDbEntity
  8
A-WALL
100
AcDbLine
 10
80963.471748
 20
-38514.9406
 30
0.0
 11
82523.362284
 21
-39082.694324
 31
0.0
  0
LINE
  5
11F
330
17
100
AcDbEntity
  8
A-WALL
100
AcDbLine
 10
84192.165276
 20
-34497.697199
 30
0.0
 11
84004.226751
 21
-34429.29317
 31
0.0
  0
LINE
  5
120
330
17
100
AcDbEntity
  8
A-WALL
100
AcDbLine
 10
84541.025822
 20
-33539.210726
 30
0.0
 11
84353.087298
 21
-33470.806697
 31
0.0
  0
LINE
  5
121
330
17
100
AcDbEntity
  8
A-WALL
100
AcDbLine
 10
84353.087298
 20
-33470.806697
 30
0.0
 11
84385.531876
 21
-33381.665951
 31
0.0
  0
LINE
  5
122
330
17
100
AcDbEntity
  8
A-WALL
100
AcDbLine
 10
79373.062962
 20
-39171.321239
 30
0.0
 11
78405.179562
 21
-38819.040492
 31
0.0
  0
LINE
  5
123
330
17
100
AcDbEntity
  8
A-WALL
100
AcDbLine
 10
79441.46699
 20
-38983.382715
 30
0.0
 11
78473.583591
 21
-38631.101968
 31
0.0
  0
LINE
  5
124
330
17
100
AcDbEntity
  8
A-WALL
100
AcDbLine
 10
72907.977731
 20
-36818.222653
 30
0.0
 11
72278.383675
 21
-36589.069157
 31
0.0
  0
LINE
  5
125
330
17
100
AcDbEntity
  8
A-WALL
100
AcDbLine
 10
72976.381759
 20
-36630.284129
 30
0.0
 11
72346.787703
 21
-36401.130633
 31
0.0
  0
LINE
  5
126
330
17
100
AcDbEntity
  8
A-WALL
100
AcDbLine
 10
77505.700192
 20
-38278.82122
 30
0.0
 11
76312.290563
 21
-37844.455638
 31
0.0
  0
LINE
  5
127
330
17
100
AcDbEntity
  8
A-WALL
100
AcDbLine
 10
77437.296163
 20
-38466.759744
 30
0.0
 11
76243.886535
 21
-38032.394162
 31
0.0
  0
LINE
  5
128
330
17
100
AcDbEntity
  8
A-WALL
100
AcDbLine
 10
75344.407164
 20
-37492.17489
 30
0.0
 11
73991.24979
 21
-36999.665884
 31
0.0
  0
LINE
  5
129
330
17
100
AcDbEntity
  8
A-WALL
100
AcDbLine
 10
75276.003135
 20
-37680.113414
 30
0.0
 11
73922.845761
 21
-37187.604408
 31
0.0
  0
LINE
  5
12A
330
17
100
AcDbEntity
  8
A-WALL
100
AcDbLine
 10
80771.684676
 20
-39041.871249
 30
0.0
 11
80963.471748
 21
-38514.9406
 31
0.0
  0
LINE
  5
12B
330
17
100
AcDbEntity
  8
A-WALL
100
AcDbLine
 10
80583.746152
 20
-38973.46722
 30
0.0
 11
80775.533224
 21
-38446.536571
 31
0.0
  0
LINE
  5
12C
330
17
100
AcDbEntity
  8
A-WALL
100
AcDbLine
 10
80446.661102
 20
-37391.15635
 30
0.0
 11
81069.137763
 21
-35680.91578
 31
0.0
  0
LINE
  5
12D
330
17
100
AcDbEntity
  8
A-WALL
100
AcDbLine
 10
80258.722578
 20
-37322.752322
 30
0.0
 11
80881.199239
 21
-35612.511752
 31
0.0
  0
LINE
  5
12E
330
17
100
AcDbEntity
  8
A-WALL
100
AcDbLine
 10
83258.622355
 20
-36477.823
 30
0.0
 11
81069.137763
 21
-35680.91578
 31
0.0
  0
LINE
  5
12F
330
17
100
AcDbEntity
  8
A-WALL
100
AcDbLine
 10
83327.026384
 20
-36289.884476
 30
0.0
 11
81137.541792
 21
-35492.977256
 31
0.0
  0
LINE
  5
130
330
17
100
AcDbEntity
  8
A-WALL
100
AcDbLine
 10
82523.362284
 20
-39082.694324
 30
0.0
 11
82591.770562
 21
-38894.744125
 31
0.0
  0
LINE
  5
131
330
17
100
AcDbEntity
  8
A-WALL
100
AcDbLine
 10
82677.443903
 20
-38074.597674
 30
0.0
 11
83258.622355
 21
-36477.823
 31
0.0
  0
LINE
  5
132
330
17
100
AcDbEntity
  8
A-WALL
100
AcDbLine
 10
82865.382427
 20
-38143.001703
 30
0.0
 11
83774.809077
 21
-35644.372519
 31
0.0
  0
LINE
  5
133
330
17
100
AcDbEntity
  8
A-WALL
100
AcDbLine
 10
83327.026384
 20
-36289.884476
 30
0.0
 11
83586.870553
 21
-35575.96849
 31
0.0
  0
LINE
  5
134
330
17
100
AcDbEntity
  8
A-WALL
100
AcDbLine
 10
23425.099664
 20
-10535.570015
 30
0.0
 11
19905.099919
 21
-10535.570015
 31
0.0
  0
LINE
  5
135
330
17
100
AcDbEntity
  8
A-WALL
100
AcDbLine
 10
23425.099664
 20
-10335.570015
 30
0.0
 11
19905.099919
 21
-10335.570015
 31
0.0
  0
LINE
  5
136
330
17
100
AcDbEntity
  8
A-WALL
100
AcDbLine
 10
23425.099664
 20
-13435.569052
 30
0.0
 11
23425.099664
 21
-10535.570015
 31
0.0
  0
LINE
  5
137
330
17
100
AcDbEntity
  8
A-WALL
100
AcDbLine
 10
23625.099664
 20
-13435.569052
 30
0.0
 11
23625.099664
 21
-10535.570015
 31
0.0
  0
LINE
  5
138
330
17
100
AcDbEntity
  8
A-WALL
100
AcDbLine
 10
101943.789546
 20
-27384.93344
 30
0.0
 11
101943.789546
 21
-26384.93344
 31
0.0
  0
LINE
  5
139
330
17
100
AcDbEntity
  8
A-WALL
100
AcDbLine
 10
102143.789546
 20
-27384.93344
 30
0.0
 11
102143.789546
 21
-26384.93344
 31
0.0
  0
LINE
  5
13A
330
17
100
AcDbEntity
  8
A-WALL
100
AcDbLine
 10
101878.789546
 20
-22284.93344
 30
0.0
 11
98183.789546
 21
-22284.93344
 31
0.0
  0
LINE
  5
13B
330
17
100
AcDbEntity
  8
A-WALL
100
AcDbLine
 10
101878.789546
 20
-22084.93344
 30
0.0
 11
98183.789546
 21
-22084.93344
 31
0.0
  0
LINE
  5
13C
330
17
100
AcDbEntity
  8
A-WALL
100
AcDbLine
 10
102078.789546
 20
-23899.93344
 30
0.0
 11
102078.789546
 21
-22849.93344
 31
0.0
  0
LINE
  5
13D
330
17
100
AcDbEntity
  8
A-WALL
100
AcDbLine
 10
101878.789546
 20
-23899.93344
 30
0.0
 11
101878.789546
 21
-22849.93344
 31
0.0
  0
LINE
  5
13E
330
17
100
AcDbEntity
  8
A-WALL
100
AcDbLine
 10
69924.708999
 20
-34284.323982
 30
0.0
 11
68778.284787
 21
-33867.059693
 31
0.0
  0
LINE
  5
13F
330
17
100
AcDbEntity
  8
A-WALL
100
AcDbLine
 10
69993.113028
 20
-34096.385457
 30
0.0
 11
68846.688816
 21
-33679.121168
 31
0.0
  0
LINE
  5
140
330
17
100
AcDbEntity
  8
A-WALL
100
AcDbLine
 10
67255.982741
 20
-33312.98706
 30
0.0
 11
65489.364889
 21
-32669.990747
 31
0.0
  0
LINE
  5
141
330
17
100
AcDbEntity
  8
A-WALL
100
AcDbLine
 10
67324.38677
 20
-33125.048536
 30
0.0
 11
65745.707442
 21
-32550.456251
 31
0.0
  0
LINE
  5
142
330
17
100
AcDbEntity
  8
A-WALL
100
AcDbLine
 10
67255.982741
 20
-33312.98706
 30
0.0
 11
67324.38677
 21
-33125.048536
 31
0.0
  0
LINE
  5
143
330
17
100
AcDbEntity
  8
A-WALL
100
AcDbLine
 10
84541.025822
 20
-33539.210726
 30
0.0
 11
84619.6095
 21
-33323.303844
 31
0.0
  0
LINE
  5
144
330
17
100
AcDbEntity
  8
A-WALL
100
AcDbLine
 10
15829.382153
 20
-14691.406109
 30
0.0
 11
14665.027281
 21
-14401.099834
 31
0.0
  0
LINE
  5
145
330
17
100
AcDbEntity
  8
A-WALL
100
AcDbLine
 10
16726.815322
 20
-14709.038603
 30
0.0
 11
14519.352515
 21
-14158.65631
 31
0.0
  0
LINE
  5
146
330
17
100
AcDbEntity
  8
A-WALL
100
AcDbLine
 10
77100.456191
 20
-33427.658968
 30
0.0
 11
77535.313336
 21
-32232.89878
 31
0.0
  0
LINE
  5
147
330
17
100
AcDbEntity
  8
A-WALL
100
AcDbLine
 10
77288.394715
 20
-33496.062996
 30
0.0
 11
77695.614839
 21
-32377.234902
 31
0.0
  0
LINE
  5
148
330
17
100
AcDbEntity
  8
A-WALL
100
AcDbLine
 10
126374.180657
 20
-33099.741285
 30
0.0
 11
125153.168744
 21
-36454.443946
 31
0.0
  0
LINE
  5
149
330
17
100
AcDbEntity
  8
A-WALL
100
AcDbLine
 10
110623.789546
 20
-2124.93344
 30
0.0
 11
119157.731977
 21
-2124.93344
 31
0.0
  0
LINE
  5
14A
330
17
100
AcDbEntity
  8
A-WALL
100
AcDbLine
 10
130884.351522
 20
-18953.866037
 30
0.0
 11
129213.465511
 21
-23544.587622
 31
0.0
  0
LINE
  5
14B
330
17
100
AcDbEntity
  8
A-WALL
100
AcDbLine
 10
114203.789546
 20
-8964.93344
 30
0.0
 11
113523.789546
 21
-8964.93344
 31
0.0
  0
LINE
  5
14C
330
17
100
AcDbEntity
  8
A-WALL
100
AcDbLine
 10
131354.197832
 20
-19124.876109
 30
0.0
 11
129683.311821
 21
-23715.597694
 31
0.0
  0
LINE
  5
14D
330
17
100
AcDbEntity
  8
A-WALL
100
AcDbLine
 10
110623.789546
 20
-1524.93344
 30
0.0
 11
63323.704574
 21
-1524.93344
 31
0.0
  0
LINE
  5
14E
330
17
100
AcDbEntity
  8
A-WALL
100
AcDbLine
 10
114203.789546
 20
-8964.93344
 30
0.0
 11
114203.789546
 21
-8664.93344
 31
0.0
  0
LINE
  5
14F
330
17
100
AcDbEntity
  8
A-WALL
100
AcDbLine
 10
50225.099919
 20
-7945.569213
 30
0.0
 11
57542.538158
 21
-7945.569213
 31
0.0
  0
LINE
  5
150
330
17
100
AcDbEntity
  8
A-WALL
100
AcDbLine
 10
117864.963783
 20
-64343.656349
 30
0.0
 11
13979.809387000001
 21
-26532.552373
 31
0.0
  0
LINE
  5
151
330
17
100
AcDbEntity
  8
A-WALL
100
AcDbLine
 10
13594.389054
 20
-28078.388894
 30
0.0
 11
13979.809387
 21
-26532.552373
 31
0.0
  0
LINE
  5
152
330
17
100
AcDbEntity
  8
A-WALL
100
AcDbLine
 10
57542.538158
 20
-7945.569213
 30
0.0
 11
63323.704574
 21
-1524.9334399999998
 31
0.0
  0
LINE
  5
153
330
17
100
AcDbEntity
  8
A-WALL
100
AcDbLine
 10
48120.099919
 20
-16135.572897
 30
0.0
 11
48120.099919
 21
-10095.569854
 31
0.0
  0
LINE
  5
154
330
17
100
AcDbEntity
  8
A-WALL
100
AcDbLine
 10
48320.099919
 20
-15935.572897
 30
0.0
 11
48320.099919
 21
-10095.569854
 31
0.0
  0
LINE
  5
155
330
17
100
AcDbEntity
  8
A-WALL
100
AcDbLine
 10
49325.099618
 20
-16135.572897
 30
0.0
 11
48120.099919
 21
-16135.572897
 31
0.0
  0
LINE
  5
156
330
17
100
AcDbEntity
  8
A-WALL
100
AcDbLine
 10
49325.099618
 20
-15935.572897
 30
0.0
 11
48320.099919
 21
-15935.572897
 31
0.0
  0
LINE
  5
157
330
17
100
AcDbEntity
  8
A-WALL
100
AcDbLine
 10
73964.715536
 20
-31371.149567
 30
0.0
 11
74375.139708
 21
-30243.518422
 31
0.0
  0
LINE
  5
158
330
17
100
AcDbEntity
  8
A-WALL
100
AcDbLine
 10
74152.65406
 20
-31439.553595
 30
0.0
 11
74563.078232
 21
-30311.92245
 31
0.0
  0
LINE
  5
159
330
17
100
AcDbEntity
  8
A-WALL
100
AcDbLine
 10
125204.471766
 20
-36313.490053
 30
0.0
 11
127732.244918
 21
-37233.524239
 31
0.0
  0
LINE
  5
15A
330
17
100
AcDbEntity
  8
A-WALL
100
AcDbLine
 10
125033.461675
 20
-36783.336356
 30
0.0
 11
126997.419285
 21
-37498.158468
 31
0.0
  0
LINE
  5
15B
330
17
100
AcDbEntity
  8
A-WALL
100
AcDbLine
 10
117864.963783
 20
-64343.656349
 30
0.0
 11
118035.973858
 21
-63873.810029
 31
0.0
  0
LINE
  5
15C
330
17
100
AcDbEntity
  8
A-WALL
100
AcDbLine
 10
110823.789546
 20
-9864.93344
 30
0.0
 11
110823.790731
 21
-11644.934232
 31
0.0
  0
LINE
  5
15D
330
17
100
AcDbEntity
  8
A-WALL
100
AcDbLine
 10
110623.789546
 20
-9864.93344
 30
0.0
 11
110623.790864
 21
-11844.934232
 31
0.0
  0
LINE
  5
15E
330
17
100
AcDbEntity
  8
A-WALL
100
AcDbLine
 10
102193.736884
 20
-8674.93344
 30
0.0
 11
103693.736884
 21
-8674.93344
 31
0.0
  0
LINE
  5
15F
330
17
100
AcDbEntity
  8
A-WALL
100
AcDbLine
 10
102193.736884
 20
-18134.933476
 30
0.0
 11
102193.736884
 21
-8674.93344
 31
0.0
  0
LINE
  5
160
330
17
100
AcDbEntity
  8
A-WALL
100
AcDbLine
 10
102393.736884
 20
-18134.933476
 30
0.0
 11
102393.736884
 21
-13864.933476
 31
0.0
  0
LINE
  5
161
330
17
100
AcDbEntity
  8
A-WALL
100
AcDbLine
 10
111453.789386
 20
-11844.934232
 30
0.0
 11
110623.790864
 21
-11844.934232
 31
0.0
  0
LINE
  5
162
330
17
100
AcDbEntity
  8
A-WALL
100
AcDbLine
 10
111453.789386
 20
-11644.934232
 30
0.0
 11
110823.790731
 21
-11644.934232
 31
0.0
  0
LINE
  5
163
330
17
100
AcDbEntity
  8
A-WALL
100
AcDbLine
 10
102393.736884
 20
-8874.93344
 30
0.0
 11
103693.736884
 21
-8874.93344
 31
0.0
  0
LINE
  5
164
330
17
100
AcDbEntity
  8
A-WALL
100
AcDbLine
 10
106713.736884
 20
-8874.93344
 30
0.0
 11
110623.789546
 21
-8874.93344
 31
0.0
  0
LINE
  5
165
330
17
100
AcDbEntity
  8
A-WALL
100
AcDbLine
 10
106713.736884
 20
-8674.93344
 30
0.0
 11
110623.789546
 21
-8674.93344
 31
0.0
  0
LINE
  5
166
330
17
100
AcDbEntity
  8
A-WALL
100
AcDbLine
 10
106583.789546
 20
-20154.93344
 30
0.0
 11
107403.789546
 21
-20154.93344
 31
0.0
  0
LINE
  5
167
330
17
100
AcDbEntity
  8
A-WALL
100
AcDbLine
 10
106583.789546
 20
-19954.93344
 30
0.0
 11
107403.789546
 21
-19954.93344
 31
0.0
  0
LINE
  5
168
330
17
100
AcDbEntity
  8
A-WALL
100
AcDbLine
 10
108153.789386
 20
-13664.933476
 30
0.0
 11
102393.736884
 21
-13664.933476
 31
0.0
  0
LINE
  5
169
330
17
100
AcDbEntity
  8
A-WALL
100
AcDbLine
 10
108153.789386
 20
-13864.933476
 30
0.0
 11
102393.736884
 21
-13864.933476
 31
0.0
  0
LINE
  5
16A
330
17
100
AcDbEntity
  8
A-WALL
100
AcDbLine
 10
106713.736884
 20
-8674.93344
 30
0.0
 11
106713.736884
 21
-8874.93344
 31
0.0
  0
LINE
  5
16B
330
17
100
AcDbEntity
  8
A-WALL
100
AcDbLine
 10
102393.736884
 20
-13664.933476
 30
0.0
 11
102393.736884
 21
-8874.93344
 31
0.0
  0
LINE
  5
16C
330
17
100
AcDbEntity
  8
A-WALL
100
AcDbLine
 10
8311.548096
 20
-12808.660882
 30
0.0
 11
7508.822957
 21
-16028.215562
 31
0.0
  0
LINE
  5
16D
330
17
100
AcDbEntity
  8
A-WALL
100
AcDbLine
 10
18115.099919
 20
-12655.570015
 30
0.0
 11
18115.099919
 21
-10055.570015
 31
0.0
  0
LINE
  5
16E
330
17
100
AcDbEntity
  8
A-WALL
100
AcDbLine
 10
13435.092326
 20
-7495.570015
 30
0.0
 11
14015.092326
 21
-7495.570015
 31
0.0
  0
LINE
  5
16F
330
17
100
AcDbEntity
  8
A-WALL
100
AcDbLine
 10
15455.092326
 20
-7695.570015
 30
0.0
 11
19305.099919
 21
-7695.570015
 31
0.0
  0
LINE
  5
170
330
17
100
AcDbEntity
  8
A-WALL
100
AcDbLine
 10
14555.099919
 20
-10055.570015
 30
0.0
 11
18115.099919
 21
-10055.570015
 31
0.0
  0
LINE
  5
171
330
17
100
AcDbEntity
  8
A-WALL
100
AcDbLine
 10
18315.099919
 20
-9855.570015
 30
0.0
 11
18315.099919
 21
-10285.570015
 31
0.0
  0
LINE
  5
172
330
17
100
AcDbEntity
  8
A-WALL
100
AcDbLine
 10
13235.099919
 20
-9855.570015
 30
0.0
 11
13435.099919
 21
-9855.570015
 31
0.0
  0
LINE
  5
173
330
17
100
AcDbEntity
  8
A-WALL
100
AcDbLine
 10
13435.092326
 20
-4995.570015
 30
0.0
 11
13435.092326
 21
-7495.570015
 31
0.0
  0
LINE
  5
174
330
17
100
AcDbEntity
  8
A-WALL
100
AcDbLine
 10
7508.822957
 20
-16028.215562
 30
0.0
 11
8964.266547
 21
-16391.098405
 31
0.0
  0
LINE
  5
175
330
17
100
AcDbEntity
  8
A-WALL
100
AcDbLine
 10
13235.099919
 20
-12655.570015
 30
0.0
 11
13235.099919
 21
-9855.570015
 31
0.0
  0
LINE
  5
176
330
17
100
AcDbEntity
  8
A-WALL
100
AcDbLine
 10
14555.099919
 20
-10055.570015
 30
0.0
 11
14555.099919
 21
-9855.570015
 31
0.0
  0
LINE
  5
177
330
17
100
AcDbEntity
  8
A-WALL
100
AcDbLine
 10
15455.092326
 20
-7495.570015
 30
0.0
 11
16035.092326
 21
-7495.570015
 31
0.0
  0
LINE
  5
178
330
17
100
AcDbEntity
  8
A-WALL
100
AcDbLine
 10
13435.092326
 20
-4995.570015
 30
0.0
 11
16035.092326
 21
-4995.570015
 31
0.0
  0
LINE
  5
179
330
17
100
AcDbEntity
  8
A-WALL
100
AcDbLine
 10
11800.4593
 20
-7695.570015
 30
0.0
 11
14015.092326
 21
-7695.570015
 31
0.0
  0
LINE
  5
17A
330
17
100
AcDbEntity
  8
A-WALL
100
AcDbLine
 10
16493.230226
 20
-12855.570015
 30
0.0
 11
17815.099903
 21
-12855.570015
 31
0.0
  0
LINE
  5
17B
330
17
100
AcDbEntity
  8
A-WALL
100
AcDbLine
 10
13435.099919
 20
-12655.570015
 30
0.0
 11
13435.099919
 21
-9855.570015
 31
0.0
  0
LINE
  5
17C
330
17
100
AcDbEntity
  8
A-WALL
100
AcDbLine
 10
18115.099919
 20
-12655.570015
 30
0.0
 11
13435.099919
 21
-12655.570015
 31
0.0
  0
LINE
  5
17D
330
17
100
AcDbEntity
  8
A-WALL
100
AcDbLine
 10
16035.092326
 20
-7495.570015
 30
0.0
 11
16035.092326
 21
-4995.570015
 31
0.0
  0
LINE
  5
17E
330
17
100
AcDbEntity
  8
A-WALL
100
AcDbLine
 10
14555.099919
 20
-9855.570015
 30
0.0
 11
18315.099919
 21
-9855.570015
 31
0.0
  0
LINE
  5
17F
330
17
100
AcDbEntity
  8
A-WALL
100
AcDbLine
 10
14015.092326
 20
-7495.570015
 30
0.0
 11
14015.092326
 21
-7695.570015
 31
0.0
  0
LINE
  5
180
330
17
100
AcDbEntity
  8
A-WALL
100
AcDbLine
 10
15455.092326
 20
-7495.570015
 30
0.0
 11
15455.092326
 21
-7695.570015
 31
0.0
  0
LINE
  5
181
330
17
100
AcDbEntity
  8
A-WALL
100
AcDbLine
 10
18315.099919
 20
-10285.570015
 30
0.0
 11
19305.099919
 21
-10285.570015
 31
0.0
  0
LINE
  5
182
330
17
100
AcDbEntity
  8
A-WALL
100
AcDbLine
 10
11231.906482
 20
-7306.273776
 30
0.0
 11
9141.528569
 21
-10359.19372
 31
0.0
  0
LINE
  5
183
330
17
100
AcDbEntity
  8
A-WALL
100
AcDbLine
 10
9206.188442
 20
-15420.802681
 30
0.0
 11
8964.266547
 21
-16391.098405
 31
0.0
  0
LINE
  5
184
330
17
100
AcDbEntity
  8
A-WALL
100
AcDbLine
 10
19305.099919
 20
-7695.570015
 30
0.0
 11
19305.099919
 21
-10285.570015
 31
0.0
  0
LINE
  5
185
330
17
100
AcDbEntity
  8
A-WALL
100
AcDbLine
 10
13235.099919
 20
-12655.570015
 30
0.0
 11
13078.953088
 21
-12655.570015
 31
0.0
  0
LINE
  5
186
330
17
100
AcDbEntity
  8
A-WALL
100
AcDbLine
 10
11679.665677
 20
-18644.9623
 30
0.0
 11
14144.217165
 21
-19259.444
 31
0.0
  0
LINE
  5
187
330
17
100
AcDbEntity
  8
A-WALL
100
AcDbLine
 10
6538.346158
 20
-11594.524175
 30
0.0
 11
7945.113997
 21
-9539.991565
 31
0.0
  0
LINE
  5
188
330
17
100
AcDbEntity
  8
A-WALL
100
AcDbLine
 10
19555.099919
 20
-6365.568732
 30
0.0
 11
19555.099919
 21
-9735.570015
 31
0.0
  0
LINE
  5
189
330
17
100
AcDbEntity
  8
A-WALL
100
AcDbLine
 10
14144.217165
 20
-19259.444
 30
0.0
 11
14204.697639
 21
-19016.870069
 31
0.0
  0
LINE
  5
18A
330
17
100
AcDbEntity
  8
A-WALL
100
AcDbLine
 10
11800.4593
 20
-7695.570015
 30
0.0
 11
11231.906482
 21
-7306.273776
 31
0.0
  0
LINE
  5
18B
330
17
100
AcDbEntity
  8
A-WALL
100
AcDbLine
 10
15114.904113
 20
-20119.831616
 30
0.0
 11
15344.729914
 21
-19198.050676
 31
0.0
  0
LINE
  5
18C
330
17
100
AcDbEntity
  8
A-WALL
100
AcDbLine
 10
18315.099919
 20
-10535.570015
 30
0.0
 11
19905.099919
 21
-10535.570015
 31
0.0
  0
LINE
  5
18D
330
17
100
AcDbEntity
  8
A-WALL
100
AcDbLine
 10
9141.528569
 20
-10359.19372
 30
0.0
 11
7945.113997
 21
-9539.991565
 31
0.0
  0
LINE
  5
18E
330
17
100
AcDbEntity
  8
A-WALL
100
AcDbLine
 10
10488.083318
 20
-23238.129121
 30
0.0
 11
10548.563792
 21
-22995.55519
 31
0.0
  0
LINE
  5
18F
330
17
100
AcDbEntity
  8
A-WALL
100
AcDbLine
 10
16156.492062
 20
-14206.153019
 30
0.0
 11
16229.068626
 21
-13915.064321
 31
0.0
  0
LINE
  5
190
330
17
100
AcDbEntity
  8
A-WALL
100
AcDbLine
 10
11740.146151
 20
-18402.388368
 30
0.0
 11
11679.665677
 21
-18644.9623
 31
0.0
  0
LINE
  5
191
330
17
100
AcDbEntity
  8
A-WALL
100
AcDbLine
 10
12570.887048
 20
-14657.112068
 30
0.0
 11
13009.975288
 21
-12896.025326
 31
0.0
  0
LINE
  5
192
330
17
100
AcDbEntity
  8
A-WALL
100
AcDbLine
 10
12570.887048
 20
-14657.112068
 30
0.0
 11
12813.460979
 21
-14717.592542
 31
0.0
  0
LINE
  5
193
330
17
100
AcDbEntity
  8
A-WALL
100
AcDbLine
 10
14767.208346
 20
-18744.874288
 30
0.0
 11
15009.782277
 21
-18805.354762
 31
0.0
  0
LINE
  5
194
330
17
100
AcDbEntity
  8
A-WALL
100
AcDbLine
 10
15009.782277
 20
-18805.354762
 30
0.0
 11
14937.205709
 21
-19096.44348
 31
0.0
  0
LINE
  5
195
330
17
100
AcDbEntity
  8
A-WALL
100
AcDbLine
 10
15913.918131
 20
-14145.672545
 30
0.0
 11
16156.492062
 21
-14206.153019
 31
0.0
  0
LINE
  5
196
330
17
100
AcDbEntity
  8
A-WALL
100
AcDbLine
 10
14937.205709
 20
-19096.44348
 30
0.0
 11
15344.729914
 21
-19198.050676
 31
0.0
  0
LINE
  5
197
330
17
100
AcDbEntity
  8
A-WALL
100
AcDbLine
 10
15473.620281
 20
-15911.610767
 30
0.0
 11
15716.194212
 21
-15972.091241
 31
0.0
  0
LINE
  5
198
330
17
100
AcDbEntity
  8
A-WALL
100
AcDbLine
 10
14872.330181
 20
-20059.351142
 30
0.0
 11
15114.904113
 21
-20119.831616
 31
0.0
  0
LINE
  5
199
330
17
100
AcDbEntity
  8
A-WALL
100
AcDbLine
 10
14069.149488
 20
-23280.732953
 30
0.0
 11
14311.723419
 21
-23341.213427
 31
0.0
  0
LINE
  5
19A
330
17
100
AcDbEntity
  8
A-WALL
100
AcDbLine
 10
7128.271357
 20
-22142.780508
 30
0.0
 11
7067.790883
 21
-22385.354439
 31
0.0
  0
LINE
  5
19B
330
17
100
AcDbEntity
  8
A-WALL
100
AcDbLine
 10
14477.403973
 20
-24536.809494
 30
0.0
 11
14624.97633
 21
-23944.929101
 31
0.0
  0
LINE
  5
19C
330
17
100
AcDbEntity
  8
A-WALL
100
AcDbLine
 10
14188.343253
 20
-23836.064247
 30
0.0
 11
14624.97633
 21
-23944.929101
 31
0.0
  0
LINE
  5
19D
330
17
100
AcDbEntity
  8
A-WALL
100
AcDbLine
 10
12899.268198
 20
-23839.305032
 30
0.0
 11
12959.748672
 21
-23596.7311
 31
0.0
  0
LINE
  5
19E
330
17
100
AcDbEntity
  8
A-WALL
100
AcDbLine
 10
14234.830042
 20
-24476.32902
 30
0.0
 11
14477.403973
 21
-24536.809494
 31
0.0
  0
LINE
  5
19F
330
17
100
AcDbEntity
  8
A-WALL
100
AcDbLine
 10
9208.607595
 20
-15411.099986
 30
0.0
 11
9451.181663
 21
-15471.579914
 31
0.0
  0
LINE
  5
1A0
330
17
100
AcDbEntity
  8
A-WALL
100
AcDbLine
 10
9479.560184
 20
-14324.368508
 30
0.0
 11
9722.134116
 21
-14384.848982
 31
0.0
  0
LINE
  5
1A1
330
17
100
AcDbEntity
  8
A-WALL
100
AcDbLine
 10
15498.464506
 20
-16845.357395
 30
0.0
 11
15716.194212
 21
-15972.091241
 31
0.0
  0
LINE
  5
1A2
330
17
100
AcDbEntity
  8
A-WALL
100
AcDbLine
 10
9468.768421
 20
-22983.985374
 30
0.0
 11
9529.248895
 21
-22741.411442
 31
0.0
  0
LINE
  5
1A3
330
17
100
AcDbEntity
  8
A-WALL
100
AcDbLine
 10
42295.099935
 20
-8145.569854
 30
0.0
 11
42295.099935
 21
-8045.569854
 31
0.0
  0
LINE
  5
1A4
330
17
100
AcDbEntity
  8
A-WALL
100
AcDbLine
 10
42295.099919
 20
-7845.569854
 30
0.0
 11
42295.099919
 21
-5345.569854
 31
0.0
  0
LINE
  5
1A5
330
17
100
AcDbEntity
  8
A-WALL
100
AcDbLine
 10
38415.099919
 20
-8145.569854
 30
0.0
 11
42295.099935
 21
-8145.569854
 31
0.0
  0
LINE
  5
1A6
330
17
100
AcDbEntity
  8
A-WALL
100
AcDbLine
 10
42875.099919
 20
-7845.569854
 30
0.0
 11
42295.099919
 21
-7845.569854
 31
0.0
  0
LINE
  5
1A7
330
17
100
AcDbEntity
  8
A-WALL
100
AcDbLine
 10
42875.099919
 20
-8045.569854
 30
0.0
 11
42295.099935
 21
-8045.569854
 31
0.0
  0
LINE
  5
1A8
330
17
100
AcDbEntity
  8
A-WALL
100
AcDbLine
 10
46215.099919
 20
-8145.569854
 30
0.0
 11
46215.099919
 21
-7945.569854
 31
0.0
  0
LINE
  5
1A9
330
17
100
AcDbEntity
  8
A-WALL
100
AcDbLine
 10
19555.099919
 20
-9735.570015
 30
0.0
 11
19905.099919
 21
-9735.570015
 31
0.0
  0
LINE
  5
1AA
330
17
100
AcDbEntity
  8
A-WALL
100
AcDbLine
 10
19905.099919
 20
-9735.570015
 30
0.0
 11
19905.099919
 21
-10535.570015
 31
0.0
  0
LINE
  5
1AB
330
17
100
AcDbEntity
  8
A-WALL
100
AcDbLine
 10
31515.099618
 20
-15935.569854
 30
0.0
 11
31515.099618
 21
-16735.569854
 31
0.0
  0
LINE
  5
1AC
330
17
100
AcDbEntity
  8
A-WALL
100
AcDbLine
 10
42180.099919
 20
-12895.569854
 30
0.0
 11
42180.099919
 21
-13145.569854
 31
0.0
  0
LINE
  5
1AD
330
17
100
AcDbEntity
  8
A-WALL
100
AcDbLine
 10
31515.099618
 20
-16735.569854
 30
0.0
 11
30915.099618
 21
-16735.569854
 31
0.0
  0
LINE
  5
1AE
330
17
100
AcDbEntity
  8
A-WALL
100
AcDbLine
 10
31115.099919
 20
-15935.569213
 30
0.0
 11
31515.099618
 21
-15935.569213
 31
0.0
  0
LINE
  5
1AF
330
17
100
AcDbEntity
  8
A-WALL
100
AcDbLine
 10
31115.099919
 20
-9105.569111
 30
0.0
 11
31115.099919
 21
-15935.569213
 31
0.0
  0
LINE
  5
1B0
330
17
100
AcDbEntity
  8
A-WALL
100
AcDbLine
 10
49765.099702
 20
-9105.569854
 30
0.0
 11
50115.099919
 21
-9105.569854
 31
0.0
  0
LINE
  5
1B1
330
17
100
AcDbEntity
  8
A-WALL
100
AcDbLine
 10
57015.099919
 20
-7945.569854
 30
0.0
 11
56415.099919
 21
-7945.569854
 31
0.0
  0
LINE
  5
1B2
330
17
100
AcDbEntity
  8
A-WALL
100
AcDbLine
 10
56765.099919
 20
-9105.569854
 30
0.0
 11
56415.099919
 21
-9105.569854
 31
0.0
  0
LINE
  5
1B3
330
17
100
AcDbEntity
  8
A-WALL
100
AcDbLine
 10
49715.099919
 20
-7945.569854
 30
0.0
 11
49775.099919
 21
-7945.569854
 31
0.0
  0
LINE
  5
1B4
330
17
100
AcDbEntity
  8
A-WALL
100
AcDbLine
 10
56765.099919
 20
-15935.569854
 30
0.0
 11
56765.099919
 21
-14735.569854
 31
0.0
  0
LINE
  5
1B5
330
17
100
AcDbEntity
  8
A-WALL
100
AcDbLine
 10
57015.099919
 20
-16735.569854
 30
0.0
 11
57015.099919
 21
-7945.569854000001
 31
0.0
  0
LINE
  5
1B6
330
17
100
AcDbEntity
  8
A-WALL
100
AcDbLine
 10
56765.099919
 20
-9845.569854
 30
0.0
 11
56765.099919
 21
-9105.569854
 31
0.0
  0
LINE
  5
1B7
330
17
100
AcDbEntity
  8
A-WALL
100
AcDbLine
 10
56765.099919
 20
-11935.569854
 30
0.0
 11
56765.099919
 21
-10645.569854
 31
0.0
  0
LINE
  5
1B8
330
17
100
AcDbEntity
  8
A-WALL
100
AcDbLine
 10
6544.10835
 20
-11586.349998
 30
0.0
 11
6538.459093
 21
-11594.601503
 31
0.0
  0
LINE
  5
1B9
330
17
100
AcDbEntity
  8
A-WALL
100
AcDbLine
 10
6256.011776
 20
-12007.183029
 30
0.0
 11
5250.451885
 21
-13475.946955
 31
0.0
  0
LINE
  5
1BA
330
17
100
AcDbEntity
  8
A-WALL
100
AcDbLine
 10
56765.099919
 20
-13935.569854
 30
0.0
 11
56765.099919
 21
-12735.569854
 31
0.0
  0
LINE
  5
1BB
330
17
100
AcDbEntity
  8
A-WALL
100
AcDbLine
 10
56415.099919
 20
-9105.569854
 30
0.0
 11
56415.099919
 21
-7945.569854
 31
0.0
  0
LINE
  5
1BC
330
17
100
AcDbEntity
  8
A-WALL
100
AcDbLine
 10
4652.852296
 20
-7055.754222
 30
0.0
 11
5861.780385
 21
-5289.941979
 31
0.0
  0
LINE
  5
1BD
330
17
100
AcDbEntity
  8
A-WALL
100
AcDbLine
 10
1472.548945
 20
-4939.018387
 30
0.0
 11
2608.037477
 21
-3280.475112
 31
0.0
  0
LINE
  5
1BE
330
17
100
AcDbEntity
  8
A-WALL
100
AcDbLine
 10
4652.852296
 20
-7055.754222
 30
0.0
 11
4487.823115
 21
-6942.770288
 31
0.0
  0
LINE
  5
1BF
330
17
100
AcDbEntity
  8
A-WALL
100
AcDbLine
 10
5250.451885
 20
-13475.946955
 30
0.0
 11
-4494.521286000001
 21
-6804.245681000001
 31
0.0
  0
LINE
  5
1C0
330
17
100
AcDbEntity
  8
A-WALL
100
AcDbLine
 10
2362.942329
 20
-8984.364432
 30
0.0
 11
3362.850141
 21
-7523.856175
 31
0.0
  0
LINE
  5
1C1
330
17
100
AcDbEntity
  8
A-WALL
100
AcDbLine
 10
-152.797577
 20
-6959.036625
 30
0.0
 11
731.3017030000001
 21
-5667.683279
 31
0.0
  0
LINE
  5
1C2
330
17
100
AcDbEntity
  8
A-WALL
100
AcDbLine
 10
1307.519764
 20
-4826.034454
 30
0.0
 11
2443.008296
 21
-3167.491179
 31
0.0
  0
LINE
  5
1C3
330
17
100
AcDbEntity
  8
A-WALL
100
AcDbLine
 10
-4494.521286
 20
-6804.245681
 30
0.0
 11
403.33223199999975
 21
349.76933999999983
 31
0.0
  0
LINE
  5
1C4
330
17
100
AcDbEntity
  8
A-WALL
100
AcDbLine
 10
4487.823115
 20
-6942.770288
 30
0.0
 11
5696.751203
 21
-5176.958046
 31
0.0
  0
LINE
  5
1C5
330
17
100
AcDbEntity
  8
A-WALL
100
AcDbLine
 10
12.231604
 20
-7072.020559
 30
0.0
 11
896.330884
 21
-5780.667213
 31
0.0
  0
LINE
  5
1C6
330
17
100
AcDbEntity
  8
A-WALL
100
AcDbLine
 10
2608.037477
 20
-3280.475112
 30
0.0
 11
2443.008296
 21
-3167.491179
 31
0.0
  0
LINE
  5
1C7
330
17
100
AcDbEntity
  8
A-WALL
100
AcDbLine
 10
-152.797577
 20
-6959.036625
 30
0.0
 11
12.231604000000004
 21
-7072.020559
 31
0.0
  0
LINE
  5
1C8
330
17
100
AcDbEntity
  8
A-WALL
100
AcDbLine
 10
5861.780385
 20
-5289.941979
 30
0.0
 11
5696.751203
 21
-5176.958046
 31
0.0
  0
LINE
  5
1C9
330
17
100
AcDbEntity
  8
A-WALL
100
AcDbLine
 10
1307.519764
 20
-4826.034454
 30
0.0
 11
1472.548945
 21
-4939.018387
 31
0.0
  0
LINE
  5
1CA
330
17
100
AcDbEntity
  8
A-WALL
100
AcDbLine
 10
2527.971511
 20
-9097.348365
 30
0.0
 11
2362.942329
 21
-8984.364432
 31
0.0
  0
LINE
  5
1CB
330
17
100
AcDbEntity
  8
A-WALL
100
AcDbLine
 10
731.301703
 20
-5667.683279
 30
0.0
 11
896.330884
 21
-5780.667213
 31
0.0
  0
LINE
  5
1CC
330
17
100
AcDbEntity
  8
A-WALL
100
AcDbLine
 10
3527.879322
 20
-7636.840109
 30
0.0
 11
3362.850141
 21
-7523.856175
 31
0.0
  0
LINE
  5
1CD
330
17
100
AcDbEntity
  8
A-WALL
100
AcDbLine
 10
2527.971511
 20
-9097.348365
 30
0.0
 11
3527.879322
 21
-7636.840109
 31
0.0
  0
LINE
  5
1CE
330
17
100
AcDbEntity
  8
A-WALL
100
AcDbLine
 10
8311.548096
 20
-12808.660882
 30
0.0
 11
6538.346158
 21
-11594.524175
 31
0.0
  0
LINE
  5
1CF
330
17
100
AcDbEntity
  8
A-WALL
100
AcDbLine
 10
49775.099919
 20
-7945.569854
 30
0.0
 11
49775.099919
 21
-5345.569854
 31
0.0
  0
LINE
  5
1D0
330
17
100
AcDbEntity
  8
A-WALL
100
AcDbLine
 10
14188.343253
 20
-23836.064247
 30
0.0
 11
14311.723419
 21
-23341.213427
 31
0.0
  0
LINE
  5
1D1
330
17
100
AcDbEntity
  8
A-WALL
100
AcDbLine
 10
8964.266547
 20
-16391.098405
 30
0.0
 11
9208.607595
 21
-15411.099986
 31
0.0
  0
LINE
  5
1D2
330
17
100
AcDbEntity
  8
A-WALL
100
AcDbLine
 10
43840.099919
 20
-10095.569854
 30
0.0
 11
43840.099919
 21
-12895.569854
 31
0.0
  0
LINE
  5
1D3
330
17
100
AcDbEntity
  8
A-WALL
100
AcDbLine
 10
43840.099919
 20
-13145.569854
 30
0.0
 11
43840.099919
 21
-15935.569213
 31
0.0
  0
LINE
  5
1D4
330
17
100
AcDbEntity
  8
A-WALL
100
AcDbLine
 10
41685.099919
 20
-9845.569854
 30
0.0
 11
41685.099919
 21
-10095.569854
 31
0.0
  0
LINE
  5
1D5
330
17
100
AcDbEntity
  8
A-WALL
100
AcDbLine
 10
40565.099919
 20
-9845.569854
 30
0.0
 11
40565.099919
 21
-10095.569854
 31
0.0
  0
LINE
  5
1D6
330
17
100
AcDbEntity
  8
A-WALL
100
AcDbLine
 10
38215.099919
 20
-9105.569854
 30
0.0
 11
38215.099919
 21
-10095.569854
 31
0.0
  0
LINE
  5
1D7
330
17
100
AcDbEntity
  8
A-WALL
100
AcDbLine
 10
9479.560184
 20
-14324.368508
 30
0.0
 11
10081.945704
 21
-11908.33215
 31
0.0
  0
LINE
  5
1D8
330
17
100
AcDbEntity
  8
A-WALL
100
AcDbLine
 10
13078.953088
 20
-12655.570015
 30
0.0
 11
10081.945704
 21
-11908.33215
 31
0.0
  0
LINE
  5
1D9
330
17
100
AcDbEntity
  8
A-WALL
100
AcDbLine
 10
49515.099919
 20
-9845.569854
 30
0.0
 11
47365.099919
 21
-9845.569854
 31
0.0
  0
LINE
  5
1DA
330
17
100
AcDbEntity
  8
A-WALL
100
AcDbLine
 10
38415.099919
 20
-8145.569854
 30
0.0
 11
38415.099919
 21
-9845.569854
 31
0.0
  0
LINE
  5
1DB
330
17
100
AcDbEntity
  8
A-WALL
100
AcDbLine
 10
43840.099919
 20
-10095.569854
 30
0.0
 11
41685.099919
 21
-10095.569854
 31
0.0
  0
LINE
  5
1DC
330
17
100
AcDbEntity
  8
A-WALL
100
AcDbLine
 10
44090.099919
 20
-10095.569854
 30
0.0
 11
46245.099917
 21
-10095.569854
 31
0.0
  0
LINE
  5
1DD
330
17
100
AcDbEntity
  8
A-WALL
100
AcDbLine
 10
46215.099919
 20
-7945.569854
 30
0.0
 11
49775.099919
 21
-7945.569854
 31
0.0
  0
LINE
  5
1DE
330
17
100
AcDbEntity
  8
A-WALL
100
AcDbLine
 10
49775.099919
 20
-5345.569854
 30
0.0
 11
45095.099919
 21
-5345.569854
 31
0.0
  0
LINE
  5
1DF
330
17
100
AcDbEntity
  8
A-WALL
100
AcDbLine
 10
44090.099919
 20
-13145.569854
 30
0.0
 11
44090.099919
 21
-15935.569213
 31
0.0
  0
LINE
  5
1E0
330
17
100
AcDbEntity
  8
A-WALL
100
AcDbLine
 10
44895.099935
 20
-8045.569854
 30
0.0
 11
44895.099935
 21
-8145.569845
 31
0.0
  0
LINE
  5
1E1
330
17
100
AcDbEntity
  8
A-WALL
100
AcDbLine
 10
43840.099919
 20
-13145.569854
 30
0.0
 11
42180.099919
 21
-13145.569854
 31
0.0
  0
LINE
  5
1E2
330
17
100
AcDbEntity
  8
A-WALL
100
AcDbLine
 10
45095.099919
 20
-5345.569854
 30
0.0
 11
45095.099919
 21
-8145.569845
 31
0.0
  0
LINE
  5
1E3
330
17
100
AcDbEntity
  8
A-WALL
100
AcDbLine
 10
46215.099919
 20
-8145.569854
 30
0.0
 11
49515.099919
 21
-8145.569854
 31
0.0
  0
LINE
  5
1E4
330
17
100
AcDbEntity
  8
A-WALL
100
AcDbLine
 10
49765.099702
 20
-9105.569854
 30
0.0
 11
49765.099873
 21
-9845.569854
 31
0.0
  0
LINE
  5
1E5
330
17
100
AcDbEntity
  8
A-WALL
100
AcDbLine
 10
44090.099919
 20
-13145.569854
 30
0.0
 11
45750.099919
 21
-13145.569854
 31
0.0
  0
LINE
  5
1E6
330
17
100
AcDbEntity
  8
A-WALL
100
AcDbLine
 10
44090.099919
 20
-12895.569854
 30
0.0
 11
45750.099919
 21
-12895.569854
 31
0.0
  0
LINE
  5
1E7
330
17
100
AcDbEntity
  8
A-WALL
100
AcDbLine
 10
45750.099919
 20
-12895.569854
 30
0.0
 11
45750.099919
 21
-13145.569854
 31
0.0
  0
LINE
  5
1E8
330
17
100
AcDbEntity
  8
A-WALL
100
AcDbLine
 10
44895.099919
 20
-5345.569854
 30
0.0
 11
44895.099919
 21
-7845.569854
 31
0.0
  0
LINE
  5
1E9
330
17
100
AcDbEntity
  8
A-WALL
100
AcDbLine
 10
43840.099919
 20
-12895.569854
 30
0.0
 11
42180.099919
 21
-12895.569854
 31
0.0
  0
LINE
  5
1EA
330
17
100
AcDbEntity
  8
A-WALL
100
AcDbLine
 10
49515.099919
 20
-8145.569854
 30
0.0
 11
49515.099919
 21
-9845.569854
 31
0.0
  0
LINE
  5
1EB
330
17
100
AcDbEntity
  8
A-WALL
100
AcDbLine
 10
44090.099919
 20
-10095.569854
 30
0.0
 11
44090.099919
 21
-12895.569854
 31
0.0
  0
LINE
  5
1EC
330
17
100
AcDbEntity
  8
A-WALL
100
AcDbLine
 10
44895.099919
 20
-5345.569854
 30
0.0
 11
42295.099919
 21
-5345.569854
 31
0.0
  0
LINE
  5
1ED
330
17
100
AcDbEntity
  8
A-WALL
100
AcDbLine
 10
40565.099919
 20
-9845.569854
 30
0.0
 11
38415.099919
 21
-9845.569854
 31
0.0
  0
LINE
  5
1EE
330
17
100
AcDbEntity
  8
A-WALL
100
AcDbLine
 10
40565.099919
 20
-10095.569854
 30
0.0
 11
38215.099919
 21
-10095.569854
 31
0.0
  0
LINE
  5
1EF
330
17
100
AcDbEntity
  8
A-WALL
100
AcDbLine
 10
44895.099935
 20
-8145.569845
 30
0.0
 11
45095.099919
 21
-8145.569845
 31
0.0
  0
LINE
  5
1F0
330
17
100
AcDbEntity
  8
A-WALL
100
AcDbLine
 10
42875.099919
 20
-8045.569854
 30
0.0
 11
42875.099919
 21
-7845.569854
 31
0.0
  0
LINE
  5
1F1
330
17
100
AcDbEntity
  8
A-WALL
100
AcDbLine
 10
44315.099919
 20
-8045.569854
 30
0.0
 11
44315.099919
 21
-7845.569854
 31
0.0
  0
LINE
  5
1F2
330
17
100
AcDbEntity
  8
A-WALL
100
AcDbLine
 10
44315.099919
 20
-7845.569854
 30
0.0
 11
44895.099919
 21
-7845.569854
 31
0.0
  0
LINE
  5
1F3
330
17
100
AcDbEntity
  8
A-WALL
100
AcDbLine
 10
44315.099919
 20
-8045.569854
 30
0.0
 11
44895.099935
 21
-8045.569854
 31
0.0
  0
LINE
  5
1F4
330
17
100
AcDbEntity
  8
A-WALL
100
AcDbLine
 10
15255.890575
 20
-16784.876921
 30
0.0
 11
15498.464506
 21
-16845.357395
 31
0.0
  0
LINE
  5
1F5
330
17
100
AcDbEntity
  8
A-WALL
100
AcDbLine
 10
31115.099919
 20
-7945.569854
 30
0.0
 11
37965.099919
 21
-7945.569854
 31
0.0
  0
LINE
  5
1F6
330
17
100
AcDbEntity
  8
A-WALL
100
AcDbLine
 10
18315.099919
 20
-12855.570025
 30
0.0
 11
18065.099903
 21
-12855.570025
 31
0.0
  0
LINE
  5
1F7
330
17
100
AcDbEntity
  8
A-WALL
100
AcDbLine
 10
18065.099903
 20
-12855.570025
 30
0.0
 11
18065.099903
 21
-13985.570025
 31
0.0
  0
LINE
  5
1F8
330
17
100
AcDbEntity
  8
A-WALL
100
AcDbLine
 10
18065.099903
 20
-13985.570025
 30
0.0
 11
18615.099903
 21
-13985.570025
 31
0.0
  0
LINE
  5
1F9
330
17
100
AcDbEntity
  8
A-WALL
100
AcDbLine
 10
18315.099919
 20
-10535.570015
 30
0.0
 11
18315.099919
 21
-12855.570025
 31
0.0
  0
LINE
  5
1FA
330
17
100
AcDbEntity
  8
A-WALL
100
AcDbLine
 10
18615.099903
 20
-13985.570025
 30
0.0
 11
18615.099903
 21
-14235.570025
 31
0.0
  0
LINE
  5
1FB
330
17
100
AcDbEntity
  8
A-WALL
100
AcDbLine
 10
18615.099903
 20
-14235.570025
 30
0.0
 11
17514.552158
 21
-14235.571363
 31
0.0
  0
LINE
  5
1FC
330
17
100
AcDbEntity
  8
A-WALL
100
AcDbLine
 10
17815.099903
 20
-14035.570998
 30
0.0
 11
17815.099903
 21
-12855.570015
 31
0.0
  0
LINE
  5
1FD
330
17
100
AcDbEntity
  8
A-WALL
100
AcDbLine
 10
4745.292031
 20
-25872.061207
 30
0.0
 11
13594.389054
 21
-28078.388894
 31
0.0
  0
LINE
  5
1FE
330
17
100
AcDbEntity
  8
A-WALL
100
AcDbLine
 10
13979.809387
 20
-26532.552373
 30
0.0
 11
13594.389054
 21
-28078.388894
 31
0.0
  0
LINE
  5
1FF
330
17
100
AcDbEntity
  8
A-WALL
100
AcDbLine
 10
403.332232
 20
349.76934
 30
0.0
 11
10932.371042
 21
-6858.726816
 31
0.0
  0
LINE
  5
200
330
17
100
AcDbEntity
  8
A-WALL
100
AcDbLine
 10
19055.099919
 20
-7195.570015
 30
0.0
 11
19055.099919
 21
-5565.570015
 31
0.0
  0
LINE
  5
201
330
17
100
AcDbEntity
  8
A-WALL
100
AcDbLine
 10
5351.400841
 20
-25507.874292
 30
0.0
 11
13230.202139
 21
-27472.280084
 31
0.0
  0
LINE
  5
202
330
17
100
AcDbEntity
  8
A-WALL
100
AcDbLine
 10
7577.96905
 20
-17983.009242
 30
0.0
 11
5957.575187
 21
-17578.999676
 31
0.0
  0
LINE
  5
203
330
17
100
AcDbEntity
  8
A-WALL
100
AcDbLine
 10
6388.685202
 20
-11370.853732
 30
0.0
 11
6182.406827
 21
-11229.611981
 31
0.0
  0
LINE
  5
204
330
17
100
AcDbEntity
  8
A-WALL
100
AcDbLine
 10
6182.406827
 20
-11229.611981
 30
0.0
 11
5120.338765
 21
-12780.914167
 31
0.0
  0
LINE
  5
205
330
17
100
AcDbEntity
  8
A-WALL
100
AcDbLine
 10
5120.338765
 20
-12780.914167
 30
0.0
 11
-3799.4884980000006
 21
-6674.132561
 31
0.0
  0
LINE
  5
206
330
17
100
AcDbEntity
  8
A-WALL
100
AcDbLine
 10
13230.202139
 20
-27472.280084
 30
0.0
 11
13629.002266
 21
-25872.780137
 31
0.0
  0
LINE
  5
207
330
17
100
AcDbEntity
  8
A-WALL
100
AcDbLine
 10
14106.374905
 20
-26046.529568
 30
0.0
 11
13629.002266
 21
-25872.780137
 31
0.0
  0
LINE
  5
208
330
17
100
AcDbEntity
  8
A-WALL
100
AcDbLine
 10
10548.563792
 20
-22995.55519
 30
0.0
 11
12959.748672
 21
-23596.7311
 31
0.0
  0
LINE
  5
209
330
17
100
AcDbEntity
  8
A-WALL
100
AcDbLine
 10
10488.083318
 20
-23238.129121
 30
0.0
 11
12899.268198
 21
-23839.305032
 31
0.0
  0
LINE
  5
20A
330
17
100
AcDbEntity
  8
A-WALL
100
AcDbLine
 10
11740.146151
 20
-18402.388368
 30
0.0
 11
14204.697639
 21
-19016.870069
 31
0.0
  0
LINE
  5
20B
330
17
100
AcDbEntity
  8
A-WALL
100
AcDbLine
 10
15255.890575
 20
-16784.876921
 30
0.0
 11
15473.620281
 21
-15911.610767
 31
0.0
  0
LINE
  5
20C
330
17
100
AcDbEntity
  8
A-WALL
100
AcDbLine
 10
9076.491946
 20
-10011.673594
 30
0.0
 11
7880.073127
 21
-9192.468532
 31
0.0
  0
LINE
  5
20D
330
17
100
AcDbEntity
  8
A-WALL
100
AcDbLine
 10
6388.683582
 20
-11370.856099
 30
0.0
 11
7880.073127
 21
-9192.468532
 31
0.0
  0
LINE
  5
20E
330
17
100
AcDbEntity
  8
A-WALL
100
AcDbLine
 10
15041.675508
 20
-19380.144134
 30
0.0
 11
14872.330181
 21
-20059.351142
 31
0.0
  0
LINE
  5
20F
330
17
100
AcDbEntity
  8
A-WALL
100
AcDbLine
 10
14634.151303
 20
-19278.536937
 30
0.0
 11
15041.675508
 21
-19380.144134
 31
0.0
  0
LINE
  5
210
330
17
100
AcDbEntity
  8
A-WALL
100
AcDbLine
 10
15913.918131
 20
-14145.672545
 30
0.0
 11
16037.298298
 21
-13650.821725
 31
0.0
  0
LINE
  5
211
330
17
100
AcDbEntity
  8
A-WALL
100
AcDbLine
 10
7128.271357
 20
-22142.780508
 30
0.0
 11
9529.248895
 21
-22741.411442
 31
0.0
  0
LINE
  5
212
330
17
100
AcDbEntity
  8
A-WALL
100
AcDbLine
 10
7067.790883
 20
-22385.354439
 30
0.0
 11
9468.768421
 21
-22983.985374
 31
0.0
  0
LINE
  5
213
330
17
100
AcDbEntity
  8
A-WALL
100
AcDbLine
 10
14069.149488
 20
-23280.732953
 30
0.0
 11
13885.288847
 21
-24018.157705
 31
0.0
  0
LINE
  5
214
330
17
100
AcDbEntity
  8
A-WALL
100
AcDbLine
 10
14634.151303
 20
-19278.536937
 30
0.0
 11
14767.208346
 21
-18744.874288
 31
0.0
  0
LINE
  5
215
330
17
100
AcDbEntity
  8
A-WALL
100
AcDbLine
 10
13009.975288
 20
-12896.025326
 30
0.0
 11
10264.039162
 21
-12211.386555
 31
0.0
  0
LINE
  5
216
330
17
100
AcDbEntity
  8
A-WALL
100
AcDbLine
 10
9722.134116
 20
-14384.848982
 30
0.0
 11
10264.039162
 21
-12211.386555
 31
0.0
  0
LINE
  5
217
330
17
100
AcDbEntity
  8
A-WALL
100
AcDbLine
 10
12813.460979
 20
-14717.592542
 30
0.0
 11
13252.54922
 21
-12956.505799
 31
0.0
  0
LINE
  5
218
330
17
100
AcDbEntity
  8
A-WALL
100
AcDbLine
 10
13252.54922
 20
-12956.505799
 30
0.0
 11
16037.298298
 21
-13650.821725
 31
0.0
  0
LINE
  5
219
330
17
100
AcDbEntity
  8
A-WALL
100
AcDbLine
 10
10856.175637
 20
-7412.511116
 30
0.0
 11
9076.491946
 21
-10011.673594
 31
0.0
  0
LINE
  5
21A
330
17
100
AcDbEntity
  8
A-WALL
100
AcDbLine
 10
13885.288847
 20
-24018.157705
 30
0.0
 11
14321.921924
 21
-24127.022558
 31
0.0
  0
LINE
  5
21B
330
17
100
AcDbEntity
  8
A-WALL
100
AcDbLine
 10
14321.921924
 20
-24127.022558
 30
0.0
 11
14234.830042
 21
-24476.32902
 31
0.0
  0
LINE
  5
21C
330
17
100
AcDbEntity
  8
A-WALL
100
AcDbLine
 10
46245.099917
 20
-9845.569854
 30
0.0
 11
46245.099917
 21
-10095.569854
 31
0.0
  0
LINE
  5
21D
330
17
100
AcDbEntity
  8
A-WALL
100
AcDbLine
 10
47365.099919
 20
-9845.569854
 30
0.0
 11
47365.099919
 21
-10095.569854
 31
0.0
  0
LINE
  5
21E
330
17
100
AcDbEntity
  8
A-WALL
100
AcDbLine
 10
46245.099917
 20
-9845.569854
 30
0.0
 11
41685.099919
 21
-9845.569854
 31
0.0
  0
LINE
  5
21F
330
17
100
AcDbEntity
  8
A-WALL
100
AcDbLine
 10
47365.099919
 20
-10095.569854
 30
0.0
 11
49325.099919
 21
-10095.569854
 31
0.0
  0
LINE
  5
220
330
17
100
AcDbEntity
  8
A-WALL
100
AcDbLine
 10
8915.882168
 20
-16585.157551
 30
0.0
 11
8877.174064
 21
-16740.407274
 31
0.0
  0
LINE
  5
221
330
17
100
AcDbEntity
  8
A-WALL
100
AcDbLine
 10
8877.174064
 20
-16740.407274
 30
0.0
 11
10778.945924
 21
-17214.571592
 31
0.0
  0
LINE
  5
222
330
17
100
AcDbEntity
  8
A-WALL
100
AcDbLine
 10
10778.945924
 20
-17214.571592
 30
0.0
 11
10839.426398
 21
-16971.997661
 31
0.0
  0
LINE
  5
223
330
17
100
AcDbEntity
  8
A-WALL
100
AcDbLine
 10
10839.426398
 20
-16971.997661
 30
0.0
 11
9180.22849
 21
-16558.313737
 31
0.0
  0
LINE
  5
224
330
17
100
AcDbEntity
  8
A-WALL
100
AcDbLine
 10
9451.181663
 20
-15471.579914
 30
0.0
 11
9180.22849
 21
-16558.313737
 31
0.0
  0
LINE
  5
225
330
17
100
AcDbEntity
  8
A-WALL
100
AcDbLine
 10
8915.882168
 20
-16585.157551
 30
0.0
 11
8469.545698
 21
-16473.87337
 31
0.0
  0
LINE
  5
226
330
17
100
AcDbEntity
  8
A-WALL
100
AcDbLine
 10
8469.545698
 20
-16473.87337
 30
0.0
 11
7942.155965
 21
-18589.118053
 31
0.0
  0
LINE
  5
227
330
17
100
AcDbEntity
  8
A-WALL
100
AcDbLine
 10
30915.099919
 20
-16735.569854
 30
0.0
 11
30915.099919
 21
-8395.569854
 31
0.0
  0
LINE
  5
228
330
17
100
AcDbEntity
  8
A-WALL
100
AcDbLine
 10
16229.068626
 20
-13915.064321
 30
0.0
 11
17514.552158
 21
-14235.571363
 31
0.0
  0
LINE
  5
229
330
17
100
AcDbEntity
  8
A-WALL
100
AcDbLine
 10
17539.10895
 20
-14035.571333
 30
0.0
 11
17815.099903
 21
-14035.570998
 31
0.0
  0
LINE
  5
22A
330
17
100
AcDbEntity
  8
A-WALL
100
AcDbLine
 10
16277.453005
 20
-13721.005176
 30
0.0
 11
17539.10895
 21
-14035.571333
 31
0.0
  0
LINE
  5
22B
330
17
100
AcDbEntity
  8
A-WALL
100
AcDbLine
 10
16277.453005
 20
-13721.005176
 30
0.0
 11
16493.230226
 21
-12855.570015
 31
0.0
  0
LINE
  5
22C
330
17
100
AcDbEntity
  8
A-WALL
100
AcDbLine
 10
81370.772225
 20
-25553.746411
 30
0.0
 11
80915.764852
 21
-26059.083294
 31
0.0
  0
LINE
  5
22D
330
17
100
AcDbEntity
  8
A-WALL
100
AcDbLine
 10
80514.286488
 20
-26504.970189
 30
0.0
 11
79216.173112
 21
-27946.671151
 31
0.0
  0
LINE
  5
22E
330
17
100
AcDbEntity
  8
A-WALL
100
AcDbLine
 10
79186.105073
 20
-32777.334816
 30
0.0
 11
80598.804892
 21
-34049.335446
 31
0.0
  0
LINE
  5
22F
330
17
100
AcDbEntity
  8
A-WALL
100
AcDbLine
 10
81017.703367
 20
-25572.249966
 30
0.0
 11
79308.470268
 21
-24033.249571
 31
0.0
  0
LINE
  5
230
330
17
100
AcDbEntity
  8
A-WALL
100
AcDbLine
 10
79256.778897
 20
-32504.561631
 30
0.0
 11
81389.604547
 21
-34424.966471
 31
0.0
  0
LINE
  5
231
330
17
100
AcDbEntity
  8
A-WALL
100
AcDbLine
 10
77780.886522
 20
-29540.7184
 30
0.0
 11
77466.396576
 21
-29889.994869
 31
0.0
  0
LINE
  5
232
330
17
100
AcDbEntity
  8
A-WALL
100
AcDbLine
 10
81017.703367
 20
-25572.249966
 30
0.0
 11
79030.386906
 21
-27779.388499
 31
0.0
  0
LINE
  5
233
330
17
100
AcDbEntity
  8
A-WALL
100
AcDbLine
 10
81389.604547
 20
-34424.966471
 30
0.0
 11
81730.861156
 21
-34045.96261
 31
0.0
  0
LINE
  5
234
330
17
100
AcDbEntity
  8
A-WALL
100
AcDbLine
 10
78717.713649
 20
-33297.536194
 30
0.0
 11
79186.105073
 21
-32777.334816
 31
0.0
  0
LINE
  5
235
330
17
100
AcDbEntity
  8
A-WALL
100
AcDbLine
 10
78699.210094
 20
-32944.467336
 30
0.0
 11
79000.318867
 21
-32610.052164
 31
0.0
  0
LINE
  5
236
330
17
100
AcDbEntity
  8
A-WALL
100
AcDbLine
 10
81370.772225
 20
-25553.746411
 30
0.0
 11
79494.332186
 21
-23864.192211
 31
0.0
  0
LINE
  5
237
330
17
100
AcDbEntity
  8
A-WALL
100
AcDbLine
 10
77945.648483
 20
-30657.926302
 30
0.0
 11
77113.326279
 21
-29908.500023
 31
0.0
  0
LINE
  5
238
330
17
100
AcDbEntity
  8
A-WALL
100
AcDbLine
 10
85289.065618
 20
-30467.795341
 30
0.0
 11
85861.287134
 21
-30983.025908
 31
0.0
  0
LINE
  5
239
330
17
100
AcDbEntity
  8
A-WALL
100
AcDbLine
 10
79000.318867
 20
-32610.052164
 30
0.0
 11
78903.71004
 21
-32523.065185
 31
0.0
  0
LINE
  5
23A
330
17
100
AcDbEntity
  8
A-WALL
100
AcDbLine
 10
83134.465066
 20
-32860.721679
 30
0.0
 11
82948.678859
 21
-32693.439027
 31
0.0
  0
LINE
  5
23B
330
17
100
AcDbEntity
  8
A-WALL
100
AcDbLine
 10
85088.326436
 20
-30690.738789
 30
0.0
 11
85289.065618
 21
-30467.795341
 31
0.0
  0
LINE
  5
23C
330
17
100
AcDbEntity
  8
A-WALL
100
AcDbLine
 10
83870.508733
 20
-32043.262371
 30
0.0
 11
83684.722526
 21
-31875.979719
 31
0.0
  0
LINE
  5
23D
330
17
100
AcDbEntity
  8
A-WALL
100
AcDbLine
 10
85088.326436
 20
-30690.738789
 30
0.0
 11
84902.54023
 21
-30523.456137
 31
0.0
  0
LINE
  5
23E
330
17
100
AcDbEntity
  8
A-WALL
100
AcDbLine
 10
83684.722526
 20
-31875.979719
 30
0.0
 11
82948.678859
 21
-32693.439027
 31
0.0
  0
LINE
  5
23F
330
17
100
AcDbEntity
  8
A-WALL
100
AcDbLine
 10
85861.287134
 20
-30983.025908
 30
0.0
 11
86496.961354
 21
-30277.038164
 31
0.0
  0
LINE
  5
240
330
17
100
AcDbEntity
  8
A-WALL
100
AcDbLine
 10
86496.961354
 20
-30277.038164
 30
0.0
 11
86311.175147
 21
-30109.755512
 31
0.0
  0
LINE
  5
241
330
17
100
AcDbEntity
  8
A-WALL
100
AcDbLine
 10
84902.54023
 20
-30523.456137
 30
0.0
 11
85270.562063
 21
-30114.726483
 31
0.0
  0
LINE
  5
242
330
17
100
AcDbEntity
  8
A-WALL
100
AcDbLine
 10
78699.210094
 20
-32944.467336
 30
0.0
 11
77331.82426
 21
-31713.267601
 31
0.0
  0
LINE
  5
243
330
17
100
AcDbEntity
  8
A-WALL
100
AcDbLine
 10
80069.772584
 20
-31601.640668
 30
0.0
 11
79256.778897
 21
-32504.561631
 31
0.0
  0
LINE
  5
244
330
17
100
AcDbEntity
  8
A-WALL
100
AcDbLine
 10
83134.465066
 20
-32860.721679
 30
0.0
 11
83870.508733
 21
-32043.262371
 31
0.0
  0
LINE
  5
245
330
17
100
AcDbEntity
  8
A-WALL
100
AcDbLine
 10
80285.464742
 20
-30988.471121
 30
0.0
 11
78903.71004
 21
-32523.065185
 31
0.0
  0
LINE
  5
246
330
17
100
AcDbEntity
  8
A-WALL
100
AcDbLine
 10
90058.707258
 20
-20821.644884
 30
0.0
 11
89175.454858
 21
-21802.596054
 31
0.0
  0
LINE
  5
247
330
17
100
AcDbEntity
  8
A-WALL
100
AcDbLine
 10
89705.6384
 20
-20840.148439
 30
0.0
 11
88822.386
 21
-21821.099609
 31
0.0
  0
LINE
  5
248
330
17
100
AcDbEntity
  8
A-WALL
100
AcDbLine
 10
84811.038855
 20
-20873.619221
 30
0.0
 11
84643.756203
 21
-21059.405428
 31
0.0
  0
LINE
  5
249
330
17
100
AcDbEntity
  8
A-WALL
100
AcDbLine
 10
87435.330958
 20
-18795.954437
 30
0.0
 11
85059.917306
 21
-21434.118567
 31
0.0
  0
LINE
  5
24A
330
17
100
AcDbEntity
  8
A-WALL
100
AcDbLine
 10
84906.451125
 20
-29652.316249
 30
0.0
 11
84739.168474
 21
-29838.102455
 31
0.0
  0
LINE
  5
24B
330
17
100
AcDbEntity
  8
A-WALL
100
AcDbLine
 10
85041.413751
 20
-21081.049709
 30
0.0
 11
84811.038855
 21
-20873.619221
 31
0.0
  0
LINE
  5
24C
330
17
100
AcDbEntity
  8
A-WALL
100
AcDbLine
 10
83018.863269
 20
-27952.724509
 30
0.0
 11
84906.451125
 21
-29652.316249
 31
0.0
  0
LINE
  5
24D
330
17
100
AcDbEntity
  8
A-WALL
100
AcDbLine
 10
83297.467512
 20
-28539.989079
 30
0.0
 11
84739.168474
 21
-29838.102455
 31
0.0
  0
LINE
  5
24E
330
17
100
AcDbEntity
  8
A-WALL
100
AcDbLine
 10
90058.707258
 20
-20821.644884
 30
0.0
 11
87416.827403
 21
-18442.885579
 31
0.0
  0
LINE
  5
24F
330
17
100
AcDbEntity
  8
A-WALL
100
AcDbLine
 10
85270.562063
 20
-30114.726483
 30
0.0
 11
85842.783579
 21
-30629.95705
 31
0.0
  0
LINE
  5
250
330
17
100
AcDbEntity
  8
A-WALL
100
AcDbLine
 10
87416.827403
 20
-18442.885579
 30
0.0
 11
85041.413751
 21
-21081.049709
 31
0.0
  0
LINE
  5
251
330
17
100
AcDbEntity
  8
A-WALL
100
AcDbLine
 10
89705.6384
 20
-20840.148439
 30
0.0
 11
87435.330958
 21
-18795.954437
 31
0.0
  0
LINE
  5
252
330
17
100
AcDbEntity
  8
A-WALL
100
AcDbLine
 10
85842.783579
 20
-30629.95705
 30
0.0
 11
86311.175147
 21
-30109.755512
 31
0.0
  0
LINE
  5
253
330
17
100
AcDbEntity
  8
A-WALL
100
AcDbLine
 10
85059.917306
 20
-21434.118567
 30
0.0
 11
84643.756203
 21
-21059.405428
 31
0.0
  0
LINE
  5
254
330
17
100
AcDbEntity
  8
A-WALL
100
AcDbLine
 10
82617.384905
 20
-28398.611404
 30
0.0
 11
83018.863269
 21
-27952.724509
 31
0.0
  0
LINE
  5
255
330
17
100
AcDbEntity
  8
A-WALL
100
AcDbLine
 10
88718.474967
 20
-27809.797343
 30
0.0
 11
88532.688761
 21
-27642.514692
 31
0.0
  0
LINE
  5
256
330
17
100
AcDbEntity
  8
A-WALL
100
AcDbLine
 10
89152.699601
 20
-27178.094375
 30
0.0
 11
89041.227878
 21
-27077.724784
 31
0.0
  0
LINE
  5
257
330
17
100
AcDbEntity
  8
A-WALL
100
AcDbLine
 10
89579.372826
 20
-27077.844889
 30
0.0
 11
89393.58662
 21
-26910.562238
 31
0.0
  0
LINE
  5
258
330
17
100
AcDbEntity
  8
A-WALL
100
AcDbLine
 10
83938.353371
 20
-22799.299633
 30
0.0
 11
84105.636023
 21
-22613.513426
 31
0.0
  0
LINE
  5
259
330
17
100
AcDbEntity
  8
A-WALL
100
AcDbLine
 10
91710.553807
 20
-24710.92862
 30
0.0
 11
92021.699539
 21
-24365.366276
 31
0.0
  0
LINE
  5
25A
330
17
100
AcDbEntity
  8
A-WALL
100
AcDbLine
 10
89059.731432
 20
-27430.793642
 30
0.0
 11
88718.474967
 21
-27809.797343
 31
0.0
  0
LINE
  5
25B
330
17
100
AcDbEntity
  8
A-WALL
100
AcDbLine
 10
91524.767601
 20
-24543.645969
 30
0.0
 11
91668.630681
 21
-24383.869831
 31
0.0
  0
LINE
  5
25C
330
17
100
AcDbEntity
  8
A-WALL
100
AcDbLine
 10
91710.553807
 20
-24710.92862
 30
0.0
 11
91524.767601
 21
-24543.645969
 31
0.0
  0
LINE
  5
25D
330
17
100
AcDbEntity
  8
A-WALL
100
AcDbLine
 10
85253.719713
 20
-23983.660806
 30
0.0
 11
85421.002364
 21
-23797.8746
 31
0.0
  0
LINE
  5
25E
330
17
100
AcDbEntity
  8
A-WALL
100
AcDbLine
 10
85421.002364
 20
-23797.8746
 30
0.0
 11
84105.636023
 21
-22613.513426
 31
0.0
  0
LINE
  5
25F
330
17
100
AcDbEntity
  8
A-WALL
100
AcDbLine
 10
88532.688761
 20
-27642.514692
 30
0.0
 11
89041.227878
 21
-27077.724784
 31
0.0
  0
LINE
  5
260
330
17
100
AcDbEntity
  8
A-WALL
100
AcDbLine
 10
89393.58662
 20
-26910.562238
 30
0.0
 11
89152.699601
 21
-27178.094375
 31
0.0
  0
LINE
  5
261
330
17
100
AcDbEntity
  8
A-WALL
100
AcDbLine
 10
88822.386
 20
-21821.099609
 30
0.0
 11
91668.630681
 21
-24383.869831
 31
0.0
  0
LINE
  5
262
330
17
100
AcDbEntity
  8
A-WALL
100
AcDbLine
 10
92021.699539
 20
-24365.366276
 30
0.0
 11
89175.454858
 21
-21802.596054
 31
0.0
  0
LINE
  5
263
330
17
100
AcDbEntity
  8
A-WALL
100
AcDbLine
 10
89579.372826
 20
-27077.844889
 30
0.0
 11
89171.203156
 21
-27531.163233
 31
0.0
  0
LINE
  5
264
330
17
100
AcDbEntity
  8
A-WALL
100
AcDbLine
 10
89171.203156
 20
-27531.163233
 30
0.0
 11
89059.731432
 21
-27430.793642
 31
0.0
  0
LINE
  5
265
330
17
100
AcDbEntity
  8
A-WALL
100
AcDbLine
 10
86234.760961
 20
-24463.304495
 30
0.0
 11
86067.47831
 21
-24649.090701
 31
0.0
  0
LINE
  5
266
330
17
100
AcDbEntity
  8
A-WALL
100
AcDbLine
 10
78280.960626
 20
-28611.710704
 30
0.0
 11
78466.746833
 21
-28778.993355
 31
0.0
  0
LINE
  5
267
330
17
100
AcDbEntity
  8
A-WALL
100
AcDbLine
 10
78466.746833
 20
-28778.993355
 30
0.0
 11
78182.364886
 21
-29094.831505
 31
0.0
  0
LINE
  5
268
330
17
100
AcDbEntity
  8
A-WALL
100
AcDbLine
 10
78280.960626
 20
-28611.710704
 30
0.0
 11
77113.326279
 21
-29908.500023
 31
0.0
  0
LINE
  5
269
330
17
100
AcDbEntity
  8
A-WALL
100
AcDbLine
 10
87988.507683
 20
-26378.793319
 30
0.0
 11
88155.790335
 21
-26193.007112
 31
0.0
  0
LINE
  5
26A
330
17
100
AcDbEntity
  8
A-WALL
100
AcDbLine
 10
85253.719713
 20
-23983.660806
 30
0.0
 11
83938.353371
 21
-22799.299633
 31
0.0
  0
LINE
  5
26B
330
17
100
AcDbEntity
  8
A-WALL
100
AcDbLine
 10
86067.47831
 20
-24649.090701
 30
0.0
 11
87988.507683
 21
-26378.793319
 31
0.0
  0
LINE
  5
26C
330
17
100
AcDbEntity
  8
A-WALL
100
AcDbLine
 10
86234.760961
 20
-24463.304495
 30
0.0
 11
88155.790335
 21
-26193.007112
 31
0.0
  0
LINE
  5
26D
330
17
100
AcDbEntity
  8
A-WALL
100
AcDbLine
 10
79030.386906
 20
-27779.388499
 30
0.0
 11
79216.173112
 21
-27946.671151
 31
0.0
  0
LINE
  5
26E
330
17
100
AcDbEntity
  8
A-WALL
100
AcDbLine
 10
79027.435414
 20
-24345.370398
 30
0.0
 11
77177.005042
 21
-22679.235408
 31
0.0
  0
LINE
  5
26F
330
17
100
AcDbEntity
  8
A-WALL
100
AcDbLine
 10
77177.005042
 20
-22679.235408
 30
0.0
 11
77344.287694
 21
-22493.449202
 31
0.0
  0
LINE
  5
270
330
17
100
AcDbEntity
  8
A-WALL
100
AcDbLine
 10
79027.511121
 20
-24009.03039
 30
0.0
 11
77344.287691
 21
-22493.449205
 31
0.0
  0
LINE
  5
271
330
17
100
AcDbEntity
  8
A-WALL
100
AcDbLine
 10
76344.682636
 20
-21929.808947
 30
0.0
 11
76511.965622
 21
-21744.023042
 31
0.0
  0
LINE
  5
272
330
17
100
AcDbEntity
  8
A-WALL
100
AcDbLine
 10
79308.470268
 20
-24033.249571
 30
0.0
 11
79027.435414
 21
-24345.370398
 31
0.0
  0
LINE
  5
273
330
17
100
AcDbEntity
  8
A-WALL
100
AcDbLine
 10
80921.150096
 20
-21905.929949
 30
0.0
 11
79027.51048
 21
-24009.029805
 31
0.0
  0
LINE
  5
274
330
17
100
AcDbEntity
  8
A-WALL
100
AcDbLine
 10
80608.554867
 20
-17089.685642
 30
0.0
 11
81426.014175
 21
-17825.729309
 31
0.0
  0
LINE
  5
275
330
17
100
AcDbEntity
  8
A-WALL
100
AcDbLine
 10
81426.014175
 20
-17825.729309
 30
0.0
 11
81258.731523
 21
-18011.515516
 31
0.0
  0
LINE
  5
276
330
17
100
AcDbEntity
  8
A-WALL
100
AcDbLine
 10
83008.837587
 20
-19587.318094
 30
0.0
 11
81088.432747
 21
-21720.143743
 31
0.0
  0
LINE
  5
277
330
17
100
AcDbEntity
  8
A-WALL
100
AcDbLine
 10
80441.272215
 20
-17275.471849
 30
0.0
 11
80608.554867
 21
-17089.685642
 31
0.0
  0
LINE
  5
278
330
17
100
AcDbEntity
  8
A-WALL
100
AcDbLine
 10
81258.731523
 20
-18011.515516
 30
0.0
 11
80441.272215
 21
-17275.471849
 31
0.0
  0
LINE
  5
279
330
17
100
AcDbEntity
  8
A-WALL
100
AcDbLine
 10
82778.537246
 20
-19043.547581
 30
0.0
 11
82611.255106
 21
-19229.333219
 31
0.0
  0
LINE
  5
27A
330
17
100
AcDbEntity
  8
A-WALL
100
AcDbLine
 10
66239.352709
 20
-16369.943091
 30
0.0
 11
72897.202242
 21
-8975.652077
 31
0.0
  0
LINE
  5
27B
330
17
100
AcDbEntity
  8
A-WALL
100
AcDbLine
 10
79721.046268
 20
-20488.943427
 30
0.0
 11
81088.433392
 21
-21720.144324
 31
0.0
  0
LINE
  5
27C
330
17
100
AcDbEntity
  8
A-WALL
100
AcDbLine
 10
67114.34344
 20
-15771.786572
 30
0.0
 11
67930.682779
 21
-14865.149885
 31
0.0
  0
LINE
  5
27D
330
17
100
AcDbEntity
  8
A-WALL
100
AcDbLine
 10
83194.624439
 20
-19754.601326
 30
0.0
 11
79494.332186
 21
-23864.192211
 31
0.0
  0
LINE
  5
27E
330
17
100
AcDbEntity
  8
A-WALL
100
AcDbLine
 10
83008.837587
 20
-19587.318094
 30
0.0
 11
82611.255106
 21
-19229.333219
 31
0.0
  0
LINE
  5
27F
330
17
100
AcDbEntity
  8
A-WALL
100
AcDbLine
 10
79553.763617
 20
-20674.729634
 30
0.0
 11
80921.150741
 21
-21905.93053
 31
0.0
  0
LINE
  5
280
330
17
100
AcDbEntity
  8
A-WALL
100
AcDbLine
 10
79027.51048
 20
-24009.029805
 30
0.0
 11
77344.287694
 21
-22493.449202
 31
0.0
  0
LINE
  5
281
330
17
100
AcDbEntity
  8
A-WALL
100
AcDbLine
 10
79553.763617
 20
-20674.729634
 30
0.0
 11
79721.046268
 21
-20488.943427
 31
0.0
  0
LINE
  5
282
330
17
100
AcDbEntity
  8
A-WALL
100
AcDbLine
 10
71550.67936
 20
-10844.736379
 30
0.0
 11
72333.562169
 21
-9975.256933
 31
0.0
  0
LINE
  5
283
330
17
100
AcDbEntity
  8
A-WALL
100
AcDbLine
 10
70011.678965
 20
-12553.969478
 30
0.0
 11
71015.374875
 21
-11439.25224
 31
0.0
  0
LINE
  5
284
330
17
100
AcDbEntity
  8
A-WALL
100
AcDbLine
 10
68465.987264
 20
-14270.634025
 30
0.0
 11
69476.37448
 21
-13148.485338
 31
0.0
  0
LINE
  5
285
330
17
100
AcDbEntity
  8
A-WALL
100
AcDbLine
 10
80598.804892
 20
-34049.335446
 30
0.0
 11
80389.380027
 21
-34624.729091
 31
0.0
  0
LINE
  5
286
330
17
100
AcDbEntity
  8
A-WALL
100
AcDbLine
 10
78717.713649
 20
-33297.536194
 30
0.0
 11
76978.754757
 21
-31731.770575
 31
0.0
  0
LINE
  5
287
330
17
100
AcDbEntity
  8
A-WALL
100
AcDbLine
 10
76978.754757
 20
-31731.770575
 30
0.0
 11
77945.648483
 21
-30657.926302
 31
0.0
  0
LINE
  5
288
330
17
100
AcDbEntity
  8
A-WALL
100
AcDbLine
 10
81916.647362
 20
-34213.245261
 30
0.0
 11
81730.861156
 21
-34045.96261
 31
0.0
  0
LINE
  5
289
330
17
100
AcDbEntity
  8
A-WALL
100
AcDbLine
 10
81390.753383
 20
-34797.282807
 30
0.0
 11
81916.647362
 21
-34213.245261
 31
0.0
  0
LINE
  5
28A
330
17
100
AcDbEntity
  8
A-WALL
100
AcDbLine
 10
77466.396576
 20
-29889.994869
 30
0.0
 11
78298.71942
 21
-30639.421724
 31
0.0
  0
LINE
  5
28B
330
17
100
AcDbEntity
  8
A-WALL
100
AcDbLine
 10
74761.37274
 20
-29008.589165
 30
0.0
 11
74612.743775
 21
-28874.763043
 31
0.0
  0
LINE
  5
28C
330
17
100
AcDbEntity
  8
A-WALL
100
AcDbLine
 10
75724.920813
 20
-27938.460616
 30
0.0
 11
75576.291848
 21
-27804.634495
 31
0.0
  0
LINE
  5
28D
330
17
100
AcDbEntity
  8
A-WALL
100
AcDbLine
 10
74373.276989
 20
-29439.613164
 30
0.0
 11
74761.37274
 21
-29008.589165
 31
0.0
  0
LINE
  5
28E
330
17
100
AcDbEntity
  8
A-WALL
100
AcDbLine
 10
76501.112317
 20
-27076.412619
 30
0.0
 11
76352.483352
 21
-26942.586497
 31
0.0
  0
LINE
  5
28F
330
17
100
AcDbEntity
  8
A-WALL
100
AcDbLine
 10
77316.031425
 20
-25872.457949
 30
0.0
 11
77704.127177
 21
-25441.43395
 31
0.0
  0
LINE
  5
290
330
17
100
AcDbEntity
  8
A-WALL
100
AcDbLine
 10
74224.648023
 20
-29305.787042
 30
0.0
 11
74612.743775
 21
-28874.763043
 31
0.0
  0
LINE
  5
291
330
17
100
AcDbEntity
  8
A-WALL
100
AcDbLine
 10
75576.291848
 20
-27804.634495
 30
0.0
 11
76352.483352
 21
-26942.586497
 31
0.0
  0
LINE
  5
292
330
17
100
AcDbEntity
  8
A-WALL
100
AcDbLine
 10
74971.815498
 20
-21945.112269
 30
0.0
 11
74590.411052
 21
-22368.70482
 31
0.0
  0
LINE
  5
293
330
17
100
AcDbEntity
  8
A-WALL
100
AcDbLine
 10
72403.943201
 20
-27666.417057
 30
0.0
 11
74224.648023
 21
-29305.787042
 31
0.0
  0
LINE
  5
294
330
17
100
AcDbEntity
  8
A-WALL
100
AcDbLine
 10
77704.127177
 20
-25441.43395
 30
0.0
 11
75883.422354
 21
-23802.063964
 31
0.0
  0
LINE
  5
295
330
17
100
AcDbEntity
  8
A-WALL
100
AcDbLine
 10
75697.636148
 20
-23634.781313
 30
0.0
 11
74307.955966
 21
-22383.507663
 31
0.0
  0
LINE
  5
296
330
17
100
AcDbEntity
  8
A-WALL
100
AcDbLine
 10
75883.422354
 20
-23802.063964
 30
0.0
 11
72403.943201
 21
-27666.417057
 31
0.0
  0
LINE
  5
297
330
17
100
AcDbEntity
  8
A-WALL
100
AcDbLine
 10
72084.330873
 20
-27647.76337
 30
0.0
 11
74521.27974
 21
-29842.001985
 31
0.0
  0
LINE
  5
298
330
17
100
AcDbEntity
  8
A-WALL
100
AcDbLine
 10
75724.920813
 20
-27938.460616
 30
0.0
 11
76501.112317
 21
-27076.412619
 31
0.0
  0
LINE
  5
299
330
17
100
AcDbEntity
  8
A-WALL
100
AcDbLine
 10
75697.636148
 20
-23634.781313
 30
0.0
 11
72084.330873
 21
-27647.76337
 31
0.0
  0
LINE
  5
29A
330
17
100
AcDbEntity
  8
A-WALL
100
AcDbLine
 10
77986.582263
 20
-25426.631106
 30
0.0
 11
74590.411052
 21
-22368.70482
 31
0.0
  0
LINE
  5
29B
330
17
100
AcDbEntity
  8
A-WALL
100
AcDbLine
 10
73964.715536
 20
-31371.149567
 30
0.0
 11
74521.27974
 21
-29842.001985
 31
0.0
  0
LINE
  5
29C
330
17
100
AcDbEntity
  8
A-WALL
100
AcDbLine
 10
74903.637214
 20
-21721.936614
 30
0.0
 11
74307.955966
 21
-22383.507663
 31
0.0
  0
LINE
  5
29D
330
17
100
AcDbEntity
  8
A-WALL
100
AcDbLine
 10
74373.276989
 20
-29439.613164
 30
0.0
 11
74755.357364
 21
-29783.639879
 31
0.0
  0
LINE
  5
29E
330
17
100
AcDbEntity
  8
A-WALL
100
AcDbLine
 10
77464.66039
 20
-26006.28407
 30
0.0
 11
77986.582263
 21
-25426.631106
 31
0.0
  0
LINE
  5
29F
330
17
100
AcDbEntity
  8
A-WALL
100
AcDbLine
 10
77690.960499
 20
-35840.111803
 30
0.0
 11
77456.037344
 21
-35754.606768
 31
0.0
  0
LINE
  5
2A0
330
17
100
AcDbEntity
  8
A-WALL
100
AcDbLine
 10
75417.473788
 20
-33081.147655
 30
0.0
 11
74128.057847
 21
-36623.788836
 31
0.0
  0
LINE
  5
2A1
330
17
100
AcDbEntity
  8
A-WALL
100
AcDbLine
 10
77456.037344
 20
-35754.606768
 30
0.0
 11
78076.803904
 21
-34049.064661
 31
0.0
  0
LINE
  5
2A2
330
17
100
AcDbEntity
  8
A-WALL
100
AcDbLine
 10
77690.960499
 20
-35840.111803
 30
0.0
 11
78311.72706
 21
-34134.569697
 31
0.0
  0
LINE
  5
2A3
330
17
100
AcDbEntity
  8
A-WALL
100
AcDbLine
 10
74971.815498
 20
-21945.112269
 30
0.0
 11
75594.106958
 21
-21253.987585
 31
0.0
  0
LINE
  5
2A4
330
17
100
AcDbEntity
  8
A-WALL
100
AcDbLine
 10
83655.37294
 20
-20169.461142
 30
0.0
 11
83194.624775
 21
-19754.60225
 31
0.0
  0
LINE
  5
2A5
330
17
100
AcDbEntity
  8
A-WALL
100
AcDbLine
 10
75698.221655
 20
-21011.324696
 30
0.0
 11
76511.965618
 21
-21744.023046
 31
0.0
  0
LINE
  5
2A6
330
17
100
AcDbEntity
  8
A-WALL
100
AcDbLine
 10
69596.11387
 20
-35187.131679
 30
0.0
 11
71353.339071
 21
-35826.709347
 31
0.0
  0
LINE
  5
2A7
330
17
100
AcDbEntity
  8
A-WALL
100
AcDbLine
 10
80598.804892
 20
-34049.335446
 30
0.0
 11
80389.380027
 21
-34624.729091
 31
0.0
  0
LINE
  5
2A8
330
17
100
AcDbEntity
  8
A-WALL
100
AcDbLine
 10
73701.18747
 20
-32679.947857
 30
0.0
 11
73513.248946
 21
-32611.543828
 31
0.0
  0
LINE
  5
2A9
330
17
100
AcDbEntity
  8
A-WALL
100
AcDbLine
 10
83655.37294
 20
-20169.461142
 30
0.0
 11
83822.655591
 21
-19983.674935
 31
0.0
  0
LINE
  5
2AA
330
17
100
AcDbEntity
  8
A-WALL
100
AcDbLine
 10
71333.576198
 20
-30413.493165
 30
0.0
 11
69596.11387
 21
-35187.131679
 31
0.0
  0
LINE
  5
2AB
330
17
100
AcDbEntity
  8
A-WALL
100
AcDbLine
 10
78311.72706
 20
-34134.569697
 30
0.0
 11
81008.644881
 21
-35116.167508
 31
0.0
  0
LINE
  5
2AC
330
17
100
AcDbEntity
  8
A-WALL
100
AcDbLine
 10
75417.473788
 20
-33081.147655
 30
0.0
 11
78076.803904
 21
-34049.064661
 31
0.0
  0
LINE
  5
2AD
330
17
100
AcDbEntity
  8
A-WALL
100
AcDbLine
 10
75268.055668
 20
-32760.719464
 30
0.0
 11
73893.134692
 21
-36538.2838
 31
0.0
  0
LINE
  5
2AE
330
17
100
AcDbEntity
  8
A-WALL
100
AcDbLine
 10
72483.595761
 20
-36025.253585
 30
0.0
 11
73893.134692
 21
-36538.2838
 31
0.0
  0
LINE
  5
2AF
330
17
100
AcDbEntity
  8
A-WALL
100
AcDbLine
 10
72295.657237
 20
-35956.849556
 30
0.0
 11
73513.248946
 21
-32611.543828
 31
0.0
  0
LINE
  5
2B0
330
17
100
AcDbEntity
  8
A-WALL
100
AcDbLine
 10
83822.655591
 20
-19983.674935
 30
0.0
 11
82778.537246
 21
-19043.547581
 31
0.0
  0
LINE
  5
2B1
330
17
100
AcDbEntity
  8
A-WALL
100
AcDbLine
 10
71453.110693
 20
-30669.835718
 30
0.0
 11
69852.456423
 21
-35067.597183
 31
0.0
  0
LINE
  5
2B2
330
17
100
AcDbEntity
  8
A-WALL
100
AcDbLine
 10
72483.595761
 20
-36025.253585
 30
0.0
 11
73701.18747
 21
-32679.947857
 31
0.0
  0
LINE
  5
2B3
330
17
100
AcDbEntity
  8
A-WALL
100
AcDbLine
 10
69852.456423
 20
-35067.597183
 30
0.0
 11
72295.657237
 21
-35956.849556
 31
0.0
  0
LINE
  5
2B4
330
17
100
AcDbEntity
  8
A-WALL
100
AcDbLine
 10
72415.191732
 20
-36213.192109
 30
0.0
 11
73044.785788
 21
-36442.345605
 31
0.0
  0
LINE
  5
2B5
330
17
100
AcDbEntity
  8
A-WALL
100
AcDbLine
 10
75594.106958
 20
-21253.987585
 30
0.0
 11
76344.682632
 21
-21929.808951
 31
0.0
  0
LINE
  5
2B6
330
17
100
AcDbEntity
  8
A-WALL
100
AcDbLine
 10
77464.66039
 20
-26006.28407
 30
0.0
 11
77316.031425
 21
-25872.457949
 31
0.0
  0
LINE
  5
2B7
330
17
100
AcDbEntity
  8
A-WALL
100
AcDbLine
 10
74084.250032
 20
-31627.492119
 30
0.0
 11
74755.357364
 21
-29783.639879
 31
0.0
  0
LINE
  5
2B8
330
17
100
AcDbEntity
  8
A-WALL
100
AcDbLine
 10
81069.137763
 20
-35680.91578
 30
0.0
 11
81390.753383
 21
-34797.282807
 31
0.0
  0
LINE
  5
2B9
330
17
100
AcDbEntity
  8
A-WALL
100
AcDbLine
 10
81008.644881
 20
-35116.167508
 30
0.0
 11
80834.214608
 21
-35595.410745
 31
0.0
  0
LINE
  5
2BA
330
17
100
AcDbEntity
  8
A-WALL
100
AcDbLine
 10
69498.036902
 20
-46186.958082
 30
0.0
 11
68868.442846
 21
-45957.804586
 31
0.0
  0
LINE
  5
2BB
330
17
100
AcDbEntity
  8
A-WALL
100
AcDbLine
 10
74084.250032
 20
-31627.492119
 30
0.0
 11
71453.110693
 21
-30669.835718
 31
0.0
  0
LINE
  5
2BC
330
17
100
AcDbEntity
  8
A-WALL
100
AcDbLine
 10
75963.122133
 20
-48540.056669
 30
0.0
 11
74995.238733
 21
-48187.775921
 31
0.0
  0
LINE
  5
2BD
330
17
100
AcDbEntity
  8
A-WALL
100
AcDbLine
 10
71866.062306
 20
-47048.848844
 30
0.0
 11
70512.904932
 21
-46556.339837
 31
0.0
  0
LINE
  5
2BE
330
17
100
AcDbEntity
  8
A-WALL
100
AcDbLine
 10
73964.715536
 20
-31371.149567
 30
0.0
 11
71333.576198
 21
-30413.493165
 31
0.0
  0
LINE
  5
2BF
330
17
100
AcDbEntity
  8
A-WALL
100
AcDbLine
 10
79835.51579
 20
-38339.313197
 30
0.0
 11
80070.438945
 21
-38424.818233
 31
0.0
  0
LINE
  5
2C0
330
17
100
AcDbEntity
  8
A-WALL
100
AcDbLine
 10
80446.661102
 20
-37391.15635
 30
0.0
 11
80211.737947
 21
-37305.651314
 31
0.0
  0
LINE
  5
2C1
330
17
100
AcDbEntity
  8
A-WALL
100
AcDbLine
 10
81069.137763
 20
-35680.91578
 30
0.0
 11
80834.214608
 21
-35595.410745
 31
0.0
  0
LINE
  5
2C2
330
17
100
AcDbEntity
  8
A-WALL
100
AcDbLine
 10
74027.355334
 20
-47835.495173
 30
0.0
 11
72833.945706
 21
-47401.129591
 31
0.0
  0
LINE
  5
2C3
330
17
100
AcDbEntity
  8
A-WALL
100
AcDbLine
 10
80070.438945
 20
-38424.818233
 30
0.0
 11
80446.661102
 21
-37391.15635
 31
0.0
  0
LINE
  5
2C4
330
17
100
AcDbEntity
  8
A-WALL
100
AcDbLine
 10
80211.737947
 20
-37305.651314
 30
0.0
 11
79835.51579
 21
-38339.313197
 31
0.0
  0
LINE
  5
2C5
330
17
100
AcDbEntity
  8
A-WALL
100
AcDbLine
 10
75268.055668
 20
-32760.719464
 30
0.0
 11
80389.380027
 21
-34624.729091
 31
0.0
  0
LINE
  5
2C6
330
17
100
AcDbEntity
  8
A-WALL
100
AcDbLine
 10
77466.397216
 20
-29889.995445
 30
0.0
 11
77774.197295
 21
-29548.148826
 31
0.0
  0
LINE
  5
2C7
330
17
100
AcDbEntity
  8
A-WALL
100
AcDbLine
 10
77331.82426
 20
-31713.267601
 30
0.0
 11
78298.71942
 21
-30639.421724
 31
0.0
  0
LINE
  5
2C8
330
17
100
AcDbEntity
  8
A-WALL
100
AcDbLine
 10
76656.648792
 20
-19573.264386
 30
0.0
 11
76842.434998
 21
-19740.547037
 31
0.0
  0
LINE
  5
2C9
330
17
100
AcDbEntity
  8
A-WALL
100
AcDbLine
 10
76656.648792
 20
-19573.264386
 30
0.0
 11
75204.635376
 21
-21185.888657
 31
0.0
  0
LINE
  5
2CA
330
17
100
AcDbEntity
  8
A-WALL
100
AcDbLine
 10
76842.434998
 20
-19740.547037
 30
0.0
 11
75698.221655
 21
-21011.324696
 31
0.0
  0
LINE
  5
2CB
330
17
100
AcDbEntity
  8
A-WALL
100
AcDbLine
 10
107273.789546
 20
-27214.93344
 30
0.0
 11
106973.789546
 21
-27214.93344
 31
0.0
  0
LINE
  5
2CC
330
17
100
AcDbEntity
  8
A-WALL
100
AcDbLine
 10
110193.789546
 20
-26964.93344
 30
0.0
 11
110193.789546
 21
-27214.93344
 31
0.0
  0
LINE
  5
2CD
330
17
100
AcDbEntity
  8
A-WALL
100
AcDbLine
 10
112013.789546
 20
-26964.93344
 30
0.0
 11
112013.789546
 21
-27214.93344
 31
0.0
  0
LINE
  5
2CE
330
17
100
AcDbEntity
  8
A-WALL
100
AcDbLine
 10
106973.789546
 20
-27214.93344
 30
0.0
 11
106973.789546
 21
-27634.93344
 31
0.0
  0
LINE
  5
2CF
330
17
100
AcDbEntity
  8
A-WALL
100
AcDbLine
 10
109093.789546
 20
-26964.93344
 30
0.0
 11
109093.789546
 21
-27214.93344
 31
0.0
  0
LINE
  5
2D0
330
17
100
AcDbEntity
  8
A-WALL
100
AcDbLine
 10
107273.789546
 20
-26964.93344
 30
0.0
 11
107273.789546
 21
-27214.93344
 31
0.0
  0
LINE
  5
2D1
330
17
100
AcDbEntity
  8
A-WALL
100
AcDbLine
 10
101878.789546
 20
-23899.93344
 30
0.0
 11
101878.789546
 21
-26384.93344
 31
0.0
  0
LINE
  5
2D2
330
17
100
AcDbEntity
  8
A-WALL
100
AcDbLine
 10
106848.789546
 20
-23944.932989
 30
0.0
 11
106848.789546
 21
-26484.93344
 31
0.0
  0
LINE
  5
2D3
330
17
100
AcDbEntity
  8
A-WALL
100
AcDbLine
 10
106598.789546
 20
-23944.932989
 30
0.0
 11
106598.789546
 21
-26484.93344
 31
0.0
  0
LINE
  5
2D4
330
17
100
AcDbEntity
  8
A-WALL
100
AcDbLine
 10
112523.789546
 20
-23844.932989
 30
0.0
 11
112523.789546
 21
-21014.93344
 31
0.0
  0
LINE
  5
2D5
330
17
100
AcDbEntity
  8
A-WALL
100
AcDbLine
 10
101878.789546
 20
-23899.93344
 30
0.0
 11
102128.789546
 21
-23899.93344
 31
0.0
  0
LINE
  5
2D6
330
17
100
AcDbEntity
  8
A-WALL
100
AcDbLine
 10
112523.789546
 20
-24094.932989
 30
0.0
 11
112523.789546
 21
-26964.93344
 31
0.0
  0
LINE
  5
2D7
330
17
100
AcDbEntity
  8
A-WALL
100
AcDbLine
 10
105923.789546
 20
-18384.93344
 30
0.0
 11
105923.789546
 21
-20154.93344
 31
0.0
  0
LINE
  5
2D8
330
17
100
AcDbEntity
  8
A-WALL
100
AcDbLine
 10
106848.789546
 20
-23944.932989
 30
0.0
 11
106598.789546
 21
-23944.932989
 31
0.0
  0
LINE
  5
2D9
330
17
100
AcDbEntity
  8
A-WALL
100
AcDbLine
 10
110708.789546
 20
-23844.932989
 30
0.0
 11
112523.789546
 21
-23844.932989
 31
0.0
  0
LINE
  5
2DA
330
17
100
AcDbEntity
  8
A-WALL
100
AcDbLine
 10
110708.789546
 20
-23844.932989
 30
0.0
 11
110708.789546
 21
-24094.932989
 31
0.0
  0
LINE
  5
2DB
330
17
100
AcDbEntity
  8
A-WALL
100
AcDbLine
 10
106023.789546
 20
-27634.93344
 30
0.0
 11
106973.789546
 21
-27634.93344
 31
0.0
  0
LINE
  5
2DC
330
17
100
AcDbEntity
  8
A-WALL
100
AcDbLine
 10
106023.789546
 20
-27384.93344
 30
0.0
 11
106723.789546
 21
-27384.93344
 31
0.0
  0
LINE
  5
2DD
330
17
100
AcDbEntity
  8
A-WALL
100
AcDbLine
 10
110708.789546
 20
-24094.932989
 30
0.0
 11
112523.789546
 21
-24094.932989
 31
0.0
  0
LINE
  5
2DE
330
17
100
AcDbEntity
  8
A-WALL
100
AcDbLine
 10
99993.789546
 20
-18384.93344
 30
0.0
 11
105923.789546
 21
-18384.93344
 31
0.0
  0
LINE
  5
2DF
330
17
100
AcDbEntity
  8
A-WALL
100
AcDbLine
 10
102128.789546
 20
-20374.93344
 30
0.0
 11
102128.789546
 21
-22849.93344
 31
0.0
  0
LINE
  5
2E0
330
17
100
AcDbEntity
  8
A-WALL
100
AcDbLine
 10
112773.789546
 20
-26159.591792
 30
0.0
 11
112773.789546
 21
-20764.93344
 31
0.0
  0
LINE
  5
2E1
330
17
100
AcDbEntity
  8
A-WALL
100
AcDbLine
 10
116333.789094
 20
-16264.933438
 30
0.0
 11
113503.789546
 21
-16264.932901
 31
0.0
  0
LINE
  5
2E2
330
17
100
AcDbEntity
  8
A-WALL
100
AcDbLine
 10
110853.789546
 20
-14444.93344
 30
0.0
 11
111053.789546
 21
-14444.93344
 31
0.0
  0
LINE
  5
2E3
330
17
100
AcDbEntity
  8
A-WALL
100
AcDbLine
 10
112749.237503
 20
-27214.93344
 30
0.0
 11
112013.789546
 21
-27214.93344
 31
0.0
  0
LINE
  5
2E4
330
17
100
AcDbEntity
  8
A-WALL
100
AcDbLine
 10
113503.789546
 20
-11644.932755
 30
0.0
 11
113503.789546
 21
-12854.932709
 31
0.0
  0
LINE
  5
2E5
330
17
100
AcDbEntity
  8
A-WALL
100
AcDbLine
 10
111653.789546
 20
-11844.93344
 30
0.0
 11
113253.789546
 21
-11844.932816
 31
0.0
  0
LINE
  5
2E6
330
17
100
AcDbEntity
  8
A-WALL
100
AcDbLine
 10
102128.789546
 20
-23899.93344
 30
0.0
 11
102128.789546
 21
-26384.93344
 31
0.0
  0
LINE
  5
2E7
330
17
100
AcDbEntity
  8
A-WALL
100
AcDbLine
 10
116583.789094
 20
-16264.93344
 30
0.0
 11
118073.789546
 21
-16264.93344
 31
0.0
  0
LINE
  5
2E8
330
17
100
AcDbEntity
  8
A-WALL
100
AcDbLine
 10
113043.789546
 20
-11644.933061
 30
0.0
 11
113503.789546
 21
-11644.932755
 31
0.0
  0
LINE
  5
2E9
330
17
100
AcDbEntity
  8
A-WALL
100
AcDbLine
 10
101878.789546
 20
-20374.93344
 30
0.0
 11
101878.789546
 21
-22849.93344
 31
0.0
  0
LINE
  5
2EA
330
17
100
AcDbEntity
  8
A-WALL
100
AcDbLine
 10
113453.789546
 20
-16464.93344
 30
0.0
 11
118133.789546
 21
-16464.93344
 31
0.0
  0
LINE
  5
2EB
330
17
100
AcDbEntity
  8
A-WALL
100
AcDbLine
 10
113253.789546
 20
-17944.932901
 30
0.0
 11
113253.789546
 21
-13974.932982
 31
0.0
  0
LINE
  5
2EC
330
17
100
AcDbEntity
  8
A-WALL
100
AcDbLine
 10
118073.789546
 20
-19264.93344
 30
0.0
 11
118073.789546
 21
-20479.762963
 31
0.0
  0
LINE
  5
2ED
330
17
100
AcDbEntity
  8
A-WALL
100
AcDbLine
 10
117873.789546
 20
-19264.93344
 30
0.0
 11
113253.789546
 21
-19264.93344
 31
0.0
  0
LINE
  5
2EE
330
17
100
AcDbEntity
  8
A-WALL
100
AcDbLine
 10
108153.789546
 20
-13664.93344
 30
0.0
 11
108153.789546
 21
-19954.93344
 31
0.0
  0
LINE
  5
2EF
330
17
100
AcDbEntity
  8
A-WALL
100
AcDbLine
 10
110853.789546
 20
-17044.93344
 30
0.0
 11
111053.789546
 21
-17044.93344
 31
0.0
  0
LINE
  5
2F0
330
17
100
AcDbEntity
  8
A-WALL
100
AcDbLine
 10
113453.789546
 20
-17944.93344
 30
0.0
 11
113253.789546
 21
-17944.93344
 31
0.0
  0
LINE
  5
2F1
330
17
100
AcDbEntity
  8
A-WALL
100
AcDbLine
 10
113453.789546
 20
-17944.93344
 30
0.0
 11
113453.789546
 21
-16464.93344
 31
0.0
  0
LINE
  5
2F2
330
17
100
AcDbEntity
  8
A-WALL
100
AcDbLine
 10
118133.789546
 20
-19064.93344
 30
0.0
 11
113253.789546
 21
-19064.93344
 31
0.0
  0
LINE
  5
2F3
330
17
100
AcDbEntity
  8
A-WALL
100
AcDbLine
 10
110853.789546
 20
-18484.93344
 30
0.0
 11
111053.789546
 21
-18484.93344
 31
0.0
  0
LINE
  5
2F4
330
17
100
AcDbEntity
  8
A-WALL
100
AcDbLine
 10
113453.789546
 20
-19264.93344
 30
0.0
 11
113253.789546
 21
-19264.93344
 31
0.0
  0
LINE
  5
2F5
330
17
100
AcDbEntity
  8
A-WALL
100
AcDbLine
 10
113253.789546
 20
-19264.93344
 30
0.0
 11
113253.789546
 21
-19064.93344
 31
0.0
  0
LINE
  5
2F6
330
17
100
AcDbEntity
  8
A-WALL
100
AcDbLine
 10
117873.789546
 20
-19264.93344
 30
0.0
 11
117873.789546
 21
-20619.80447
 31
0.0
  0
LINE
  5
2F7
330
17
100
AcDbEntity
  8
A-WALL
100
AcDbLine
 10
108403.789546
 20
-19064.93344
 30
0.0
 11
110853.789546
 21
-19064.93344
 31
0.0
  0
LINE
  5
2F8
330
17
100
AcDbEntity
  8
A-WALL
100
AcDbLine
 10
110853.789546
 20
-19064.93344
 30
0.0
 11
110853.789546
 21
-18484.93344
 31
0.0
  0
LINE
  5
2F9
330
17
100
AcDbEntity
  8
A-WALL
100
AcDbLine
 10
110853.789546
 20
-15884.93344
 30
0.0
 11
111053.789546
 21
-15884.93344
 31
0.0
  0
LINE
  5
2FA
330
17
100
AcDbEntity
  8
A-WALL
100
AcDbLine
 10
110853.789546
 20
-17044.93344
 30
0.0
 11
110853.789546
 21
-15884.93344
 31
0.0
  0
LINE
  5
2FB
330
17
100
AcDbEntity
  8
A-WALL
100
AcDbLine
 10
111053.789546
 20
-17044.93344
 30
0.0
 11
111053.789546
 21
-15884.93344
 31
0.0
  0
LINE
  5
2FC
330
17
100
AcDbEntity
  8
A-WALL
100
AcDbLine
 10
111453.789546
 20
-13664.93344
 30
0.0
 11
108153.789546
 21
-13664.93344
 31
0.0
  0
LINE
  5
2FD
330
17
100
AcDbEntity
  8
A-WALL
100
AcDbLine
 10
118073.789546
 20
-20479.762963
 30
0.0
 11
120043.47817
 21
-21196.670995
 31
0.0
  0
LINE
  5
2FE
330
17
100
AcDbEntity
  8
A-WALL
100
AcDbLine
 10
111053.789546
 20
-13864.93344
 30
0.0
 11
111653.789546
 21
-13864.93344
 31
0.0
  0
LINE
  5
2FF
330
17
100
AcDbEntity
  8
A-WALL
100
AcDbLine
 10
108403.789546
 20
-19264.93344
 30
0.0
 11
111053.789546
 21
-19264.93344
 31
0.0
  0
LINE
  5
300
330
17
100
AcDbEntity
  8
A-WALL
100
AcDbLine
 10
108403.789546
 20
-13864.93344
 30
0.0
 11
108403.789546
 21
-19064.93344
 31
0.0
  0
LINE
  5
301
330
17
100
AcDbEntity
  8
A-WALL
100
AcDbLine
 10
111653.789546
 20
-13864.93344
 30
0.0
 11
111653.789546
 21
-11844.93344
 31
0.0
  0
LINE
  5
302
330
17
100
AcDbEntity
  8
A-WALL
100
AcDbLine
 10
111453.789546
 20
-13664.93344
 30
0.0
 11
111453.789546
 21
-11644.93344
 31
0.0
  0
LINE
  5
303
330
17
100
AcDbEntity
  8
A-WALL
100
AcDbLine
 10
110853.789546
 20
-13864.93344
 30
0.0
 11
108403.789546
 21
-13864.93344
 31
0.0
  0
LINE
  5
304
330
17
100
AcDbEntity
  8
A-WALL
100
AcDbLine
 10
110853.789546
 20
-14444.93344
 30
0.0
 11
110853.789546
 21
-13864.93344
 31
0.0
  0
LINE
  5
305
330
17
100
AcDbEntity
  8
A-WALL
100
AcDbLine
 10
111053.789546
 20
-19264.93344
 30
0.0
 11
111053.789546
 21
-18484.93344
 31
0.0
  0
LINE
  5
306
330
17
100
AcDbEntity
  8
A-WALL
100
AcDbLine
 10
117873.789546
 20
-20619.80447
 30
0.0
 11
119505.238151
 21
-21213.603203
 31
0.0
  0
LINE
  5
307
330
17
100
AcDbEntity
  8
A-WALL
100
AcDbLine
 10
111053.789546
 20
-14444.93344
 30
0.0
 11
111053.789546
 21
-13864.93344
 31
0.0
  0
LINE
  5
308
330
17
100
AcDbEntity
  8
A-WALL
100
AcDbLine
 10
109153.789544
 20
-20764.93344
 30
0.0
 11
108203.789546
 21
-20764.93344
 31
0.0
  0
LINE
  5
309
330
17
100
AcDbEntity
  8
A-WALL
100
AcDbLine
 10
111453.789546
 20
-11644.93344
 30
0.0
 11
112443.789546
 21
-11644.93344
 31
0.0
  0
LINE
  5
30A
330
17
100
AcDbEntity
  8
A-WALL
100
AcDbLine
 10
112013.789546
 20
-26964.93344
 30
0.0
 11
112523.789546
 21
-26964.93344
 31
0.0
  0
LINE
  5
30B
330
17
100
AcDbEntity
  8
A-WALL
100
AcDbLine
 10
106723.789546
 20
-26964.93344
 30
0.0
 11
107273.789546
 21
-26964.93344
 31
0.0
  0
LINE
  5
30C
330
17
100
AcDbEntity
  8
A-WALL
100
AcDbLine
 10
109093.789546
 20
-26964.93344
 30
0.0
 11
110193.789546
 21
-26964.93344
 31
0.0
  0
LINE
  5
30D
330
17
100
AcDbEntity
  8
A-WALL
100
AcDbLine
 10
106723.789546
 20
-26964.93344
 30
0.0
 11
106723.789546
 21
-27384.93344
 31
0.0
  0
LINE
  5
30E
330
17
100
AcDbEntity
  8
A-WALL
100
AcDbLine
 10
98183.789545
 20
-19214.93344
 30
0.0
 11
99993.789545
 21
-19214.93344
 31
0.0
  0
LINE
  5
30F
330
17
100
AcDbEntity
  8
A-WALL
100
AcDbLine
 10
99993.789545
 20
-19214.93344
 30
0.0
 11
99993.789546
 21
-18384.93344
 31
0.0
  0
LINE
  5
310
330
17
100
AcDbEntity
  8
A-WALL
100
AcDbLine
 10
106023.789546
 20
-27384.93344
 30
0.0
 11
106023.789546
 21
-27634.93344
 31
0.0
  0
LINE
  5
311
330
17
100
AcDbEntity
  8
A-WALL
100
AcDbLine
 10
101878.789546
 20
-22849.93344
 30
0.0
 11
102128.789546
 21
-22849.93344
 31
0.0
  0
LINE
  5
312
330
17
100
AcDbEntity
  8
A-WALL
100
AcDbLine
 10
110283.789546
 20
-20764.93344
 30
0.0
 11
110283.789546
 21
-21014.93344
 31
0.0
  0
LINE
  5
313
330
17
100
AcDbEntity
  8
A-WALL
100
AcDbLine
 10
109093.789546
 20
-27214.93344
 30
0.0
 11
110193.789546
 21
-27214.93344
 31
0.0
  0
LINE
  5
314
330
17
100
AcDbEntity
  8
A-WALL
100
AcDbLine
 10
109163.789273
 20
-20764.93344
 30
0.0
 11
109163.789724
 21
-21014.93344
 31
0.0
  0
LINE
  5
315
330
17
100
AcDbEntity
  8
A-WALL
100
AcDbLine
 10
107953.789546
 20
-20154.93344
 30
0.0
 11
107953.789546
 21
-20764.933887
 31
0.0
  0
LINE
  5
316
330
17
100
AcDbEntity
  8
A-WALL
100
AcDbLine
 10
108203.789546
 20
-20154.93344
 30
0.0
 11
108403.789546
 21
-20154.93344
 31
0.0
  0
LINE
  5
317
330
17
100
AcDbEntity
  8
A-WALL
100
AcDbLine
 10
101878.789546
 20
-26384.93344
 30
0.0
 11
102128.789546
 21
-26384.93344
 31
0.0
  0
LINE
  5
318
330
17
100
AcDbEntity
  8
A-WALL
100
AcDbLine
 10
102128.789546
 20
-20374.93344
 30
0.0
 11
101878.789546
 21
-20374.93344
 31
0.0
  0
LINE
  5
319
330
17
100
AcDbEntity
  8
A-WALL
100
AcDbLine
 10
108043.784824
 20
-21014.93344
 30
0.0
 11
109163.789724
 21
-21014.93344
 31
0.0
  0
LINE
  5
31A
330
17
100
AcDbEntity
  8
A-WALL
100
AcDbLine
 10
110283.789546
 20
-21014.93344
 30
0.0
 11
112523.789546
 21
-21014.93344
 31
0.0
  0
LINE
  5
31B
330
17
100
AcDbEntity
  8
A-WALL
100
AcDbLine
 10
110283.789546
 20
-20764.93344
 30
0.0
 11
112773.789546
 21
-20764.93344
 31
0.0
  0
LINE
  5
31C
330
17
100
AcDbEntity
  8
A-WALL
100
AcDbLine
 10
108203.789546
 20
-20764.93344
 30
0.0
 11
109163.789273
 21
-20764.93344
 31
0.0
  0
LINE
  5
31D
330
17
100
AcDbEntity
  8
A-WALL
100
AcDbLine
 10
118333.789546
 20
-19264.93344
 30
0.0
 11
118073.789546
 21
-19264.93344
 31
0.0
  0
LINE
  5
31E
330
17
100
AcDbEntity
  8
A-WALL
100
AcDbLine
 10
108043.784824
 20
-22724.933441
 30
0.0
 11
108043.784824
 21
-21014.93344
 31
0.0
  0
LINE
  5
31F
330
17
100
AcDbEntity
  8
A-WALL
100
AcDbLine
 10
107793.784824
 20
-22724.933441
 30
0.0
 11
107793.784824
 21
-20764.933887
 31
0.0
  0
LINE
  5
320
330
17
100
AcDbEntity
  8
A-WALL
100
AcDbLine
 10
107953.789546
 20
-20764.933887
 30
0.0
 11
107793.784824
 21
-20764.933887
 31
0.0
  0
LINE
  5
321
330
17
100
AcDbEntity
  8
A-WALL
100
AcDbLine
 10
107793.784824
 20
-22724.933441
 30
0.0
 11
108043.784824
 21
-22724.933441
 31
0.0
  0
LINE
  5
322
330
17
100
AcDbEntity
  8
A-WALL
100
AcDbLine
 10
118333.789546
 20
-19264.93344
 30
0.0
 11
118333.789546
 21
-17814.93344
 31
0.0
  0
LINE
  5
323
330
17
100
AcDbEntity
  8
A-WALL
100
AcDbLine
 10
108203.789546
 20
-20154.93344
 30
0.0
 11
108203.789546
 21
-20764.93344
 31
0.0
  0
LINE
  5
324
330
17
100
AcDbEntity
  8
A-WALL
100
AcDbLine
 10
113253.789546
 20
-12854.932709
 30
0.0
 11
113253.789546
 21
-11844.932816
 31
0.0
  0
LINE
  5
325
330
17
100
AcDbEntity
  8
A-WALL
100
AcDbLine
 10
106598.789546
 20
-26484.93344
 30
0.0
 11
106848.789546
 21
-26484.93344
 31
0.0
  0
LINE
  5
326
330
17
100
AcDbEntity
  8
A-WALL
100
AcDbLine
 10
118333.789546
 20
-16504.93344
 30
0.0
 11
119223.789094
 21
-16504.93344
 31
0.0
  0
LINE
  5
327
330
17
100
AcDbEntity
  8
A-WALL
100
AcDbLine
 10
108403.789546
 20
-19264.93344
 30
0.0
 11
108403.789546
 21
-20154.93344
 31
0.0
  0
LINE
  5
328
330
17
100
AcDbEntity
  8
A-WALL
100
AcDbLine
 10
113503.789546
 20
-13974.932982
 30
0.0
 11
113253.789095
 21
-13974.932982
 31
0.0
  0
LINE
  5
329
330
17
100
AcDbEntity
  8
A-WALL
100
AcDbLine
 10
113503.789546
 20
-13974.932982
 30
0.0
 11
113503.789546
 21
-16264.932901
 31
0.0
  0
LINE
  5
32A
330
17
100
AcDbEntity
  8
A-WALL
100
AcDbLine
 10
118133.789546
 20
-19064.93344
 30
0.0
 11
118133.789546
 21
-16464.93344
 31
0.0
  0
LINE
  5
32B
330
17
100
AcDbEntity
  8
A-WALL
100
AcDbLine
 10
113503.789546
 20
-12854.932709
 30
0.0
 11
113253.789546
 21
-12854.932709
 31
0.0
  0
LINE
  5
32C
330
17
100
AcDbEntity
  8
A-WALL
100
AcDbLine
 10
119453.789546
 20
-15704.93344
 30
0.0
 11
119703.789094
 21
-15704.93344
 31
0.0
  0
LINE
  5
32D
330
17
100
AcDbEntity
  8
A-WALL
100
AcDbLine
 10
118333.789546
 20
-17614.93344
 30
0.0
 11
118333.789546
 21
-16504.93344
 31
0.0
  0
LINE
  5
32E
330
17
100
AcDbEntity
  8
A-WALL
100
AcDbLine
 10
116583.789094
 20
-14399.93344
 30
0.0
 11
116583.789094
 21
-16264.93344
 31
0.0
  0
LINE
  5
32F
330
17
100
AcDbEntity
  8
A-WALL
100
AcDbLine
 10
119703.789094
 20
-15704.93344
 30
0.0
 11
119703.789094
 21
-16504.93344
 31
0.0
  0
LINE
  5
330
330
17
100
AcDbEntity
  8
A-WALL
100
AcDbLine
 10
118073.789546
 20
-16264.93344
 30
0.0
 11
118073.789546
 21
-16254.93344
 31
0.0
  0
LINE
  5
331
330
17
100
AcDbEntity
  8
A-WALL
100
AcDbLine
 10
119453.789546
 20
-16254.93344
 30
0.0
 11
119453.789546
 21
-15704.93344
 31
0.0
  0
LINE
  5
332
330
17
100
AcDbEntity
  8
A-WALL
100
AcDbLine
 10
118333.789546
 20
-17814.93344
 30
0.0
 11
119423.789094
 21
-17814.93344
 31
0.0
  0
LINE
  5
333
330
17
100
AcDbEntity
  8
A-WALL
100
AcDbLine
 10
116333.789094
 20
-14399.93344
 30
0.0
 11
116583.789094
 21
-14399.93344
 31
0.0
  0
LINE
  5
334
330
17
100
AcDbEntity
  8
A-WALL
100
AcDbLine
 10
118073.789546
 20
-16254.93344
 30
0.0
 11
119453.789546
 21
-16254.93344
 31
0.0
  0
LINE
  5
335
330
17
100
AcDbEntity
  8
A-WALL
100
AcDbLine
 10
119423.789094
 20
-16504.93344
 30
0.0
 11
119423.789094
 21
-17814.93344
 31
0.0
  0
LINE
  5
336
330
17
100
AcDbEntity
  8
A-WALL
100
AcDbLine
 10
118333.789546
 20
-17614.93344
 30
0.0
 11
119223.789094
 21
-17614.93344
 31
0.0
  0
LINE
  5
337
330
17
100
AcDbEntity
  8
A-WALL
100
AcDbLine
 10
116333.789094
 20
-14399.93344
 30
0.0
 11
116333.789094
 21
-16264.933438
 31
0.0
  0
LINE
  5
338
330
17
100
AcDbEntity
  8
A-WALL
100
AcDbLine
 10
117272.570439
 20
-21997.24527
 30
0.0
 11
114932.735814
 21
-21145.61511
 31
0.0
  0
LINE
  5
339
330
17
100
AcDbEntity
  8
A-WALL
100
AcDbLine
 10
119223.789094
 20
-16504.93344
 30
0.0
 11
119223.789094
 21
-17614.93344
 31
0.0
  0
LINE
  5
33A
330
17
100
AcDbEntity
  8
A-WALL
100
AcDbLine
 10
113440.872281
 20
-27466.567823
 30
0.0
 11
113526.377317
 21
-27231.644668
 31
0.0
  0
LINE
  5
33B
330
17
100
AcDbEntity
  8
A-WALL
100
AcDbLine
 10
114114.236927
 20
-24125.373418
 30
0.0
 11
115082.153933
 21
-21466.043302
 31
0.0
  0
LINE
  5
33C
330
17
100
AcDbEntity
  8
A-WALL
100
AcDbLine
 10
113047.13408
 20
-27057.214395
 30
0.0
 11
113526.377317
 21
-27231.644668
 31
0.0
  0
LINE
  5
33D
330
17
100
AcDbEntity
  8
A-WALL
100
AcDbLine
 10
114114.236927
 20
-24125.373418
 30
0.0
 11
115819.779034
 21
-24746.139978
 31
0.0
  0
LINE
  5
33E
330
17
100
AcDbEntity
  8
A-WALL
100
AcDbLine
 10
112749.512495
 20
-27214.93344
 30
0.0
 11
113440.872281
 21
-27466.567823
 31
0.0
  0
LINE
  5
33F
330
17
100
AcDbEntity
  8
A-WALL
100
AcDbLine
 10
113047.13408
 20
-27057.214395
 30
0.0
 11
114028.731892
 21
-24360.296574
 31
0.0
  0
LINE
  5
340
330
17
100
AcDbEntity
  8
A-WALL
100
AcDbLine
 10
119423.789094
 20
-16504.93344
 30
0.0
 11
119703.789094
 21
-16504.93344
 31
0.0
  0
LINE
  5
341
330
17
100
AcDbEntity
  8
A-WALL
100
AcDbLine
 10
117187.065404
 20
-22232.168423
 30
0.0
 11
117272.570439
 21
-21997.24527
 31
0.0
  0
LINE
  5
342
330
17
100
AcDbEntity
  8
A-WALL
100
AcDbLine
 10
113068.759114
 20
-26266.951935
 30
0.0
 11
114932.735814
 21
-21145.61511
 31
0.0
  0
LINE
  5
343
330
17
100
AcDbEntity
  8
A-WALL
100
AcDbLine
 10
115082.153933
 20
-21466.043302
 30
0.0
 11
117187.065404
 21
-22232.168423
 31
0.0
  0
LINE
  5
344
330
17
100
AcDbEntity
  8
A-WALL
100
AcDbLine
 10
114028.731892
 20
-24360.296574
 30
0.0
 11
115734.273998
 21
-24981.063134
 31
0.0
  0
LINE
  5
345
330
17
100
AcDbEntity
  8
A-WALL
100
AcDbLine
 10
115819.779034
 20
-24746.139978
 30
0.0
 11
115734.273998
 21
-24981.063134
 31
0.0
  0
LINE
  5
346
330
17
100
AcDbEntity
  8
A-WALL
100
AcDbLine
 10
118992.207934
 20
-22623.142134
 30
0.0
 11
119505.238151
 21
-21213.603203
 31
0.0
  0
LINE
  5
347
330
17
100
AcDbEntity
  8
A-WALL
100
AcDbLine
 10
118239.521138
 20
-22615.230986
 30
0.0
 11
118325.026173
 21
-22380.307831
 31
0.0
  0
LINE
  5
348
330
17
100
AcDbEntity
  8
A-WALL
100
AcDbLine
 10
116184.774734
 20
-28465.266642
 30
0.0
 11
116270.279769
 21
-28230.343487
 31
0.0
  0
LINE
  5
349
330
17
100
AcDbEntity
  8
A-WALL
100
AcDbLine
 10
126374.186857
 20
-33099.744022
 30
0.0
 11
125810.371284
 21
-32894.531936
 31
0.0
  0
LINE
  5
34A
330
17
100
AcDbEntity
  8
A-WALL
100
AcDbLine
 10
129777.287283
 20
-23749.802445
 30
0.0
 11
126374.186857
 21
-33099.744022
 31
0.0
  0
LINE
  5
34B
330
17
100
AcDbEntity
  8
A-WALL
100
AcDbLine
 10
115236.617887
 20
-27854.121329
 30
0.0
 11
116270.279769
 21
-28230.343487
 31
0.0
  0
LINE
  5
34C
330
17
100
AcDbEntity
  8
A-WALL
100
AcDbLine
 10
115151.112851
 20
-28089.044484
 30
0.0
 11
115236.617887
 21
-27854.121329
 31
0.0
  0
LINE
  5
34D
330
17
100
AcDbEntity
  8
A-WALL
100
AcDbLine
 10
129213.471711
 20
-23544.590359
 30
0.0
 11
125810.371284
 21
-32894.531936
 31
0.0
  0
LINE
  5
34E
330
17
100
AcDbEntity
  8
A-WALL
100
AcDbLine
 10
112773.789546
 20
-26159.591792
 30
0.0
 11
113068.759114
 21
-26266.951935
 31
0.0
  0
LINE
  5
34F
330
17
100
AcDbEntity
  8
A-WALL
100
AcDbLine
 10
119462.054245
 20
-22794.152205
 30
0.0
 11
120043.48849
 21
-21196.674751
 31
0.0
  0
LINE
  5
350
330
17
100
AcDbEntity
  8
A-WALL
100
AcDbLine
 10
115151.112851
 20
-28089.044484
 30
0.0
 11
116184.774734
 21
-28465.266642
 31
0.0
  0
LINE
  5
351
330
17
100
AcDbEntity
  8
A-WALL
100
AcDbLine
 10
118325.026173
 20
-22380.307831
 30
0.0
 11
118992.207934
 21
-22623.142134
 31
0.0
  0
LINE
  5
352
330
17
100
AcDbEntity
  8
A-WALL
100
AcDbLine
 10
129777.287283
 20
-23749.802445
 30
0.0
 11
129213.471711
 21
-23544.590359
 31
0.0
  0
LINE
  5
353
330
17
100
AcDbEntity
  8
A-WALL
100
AcDbLine
 10
118239.521138
 20
-22615.230986
 30
0.0
 11
119244.992242
 21
-22981.192541
 31
0.0
  0
LINE
  5
354
330
17
100
AcDbEntity
  8
A-WALL
100
AcDbLine
 10
50125.099919
 20
-8445.569213
 30
0.0
 11
56415.099919
 21
-8445.569213
 31
0.0
  0
LINE
  5
355
330
17
100
AcDbEntity
  8
A-WALL
100
AcDbLine
 10
57765.152501
 20
-8445.569213
 30
0.0
 11
63546.318917
 21
-2024.9334399999998
 31
0.0
  0
LINE
  5
356
330
17
100
AcDbEntity
  8
A-WALL
100
AcDbLine
 10
57015.099919
 20
-8445.569213
 30
0.0
 11
57765.152501
 21
-8445.569213
 31
0.0
  0
LINE
  5
357
330
17
100
AcDbEntity
  8
A-WALL
100
AcDbLine
 10
110623.789546
 20
-2024.93344
 30
0.0
 11
104293.736884
 21
-2024.93344
 31
0.0
  0
LINE
  5
358
330
17
100
AcDbEntity
  8
A-WALL
100
AcDbLine
 10
80493.736884
 20
-2024.93344
 30
0.0
 11
72893.736884
 21
-2024.93344
 31
0.0
  0
LINE
  5
359
330
17
100
AcDbEntity
  8
A-WALL
100
AcDbLine
 10
72293.736884
 20
-2024.93344
 30
0.0
 11
63546.318917
 21
-2024.93344
 31
0.0
  0
LINE
  5
35A
330
17
100
AcDbEntity
  8
A-WALL
100
AcDbLine
 10
88693.736884
 20
-2024.93344
 30
0.0
 11
81093.736884
 21
-2024.93344
 31
0.0
  0
LINE
  5
35B
330
17
100
AcDbEntity
  8
A-WALL
100
AcDbLine
 10
97693.736884
 20
-2024.93344
 30
0.0
 11
89293.736884
 21
-2024.93344
 31
0.0
  0
LINE
  5
35C
330
17
100
AcDbEntity
  8
A-WALL
100
AcDbLine
 10
103693.736884
 20
-2024.93344
 30
0.0
 11
98293.736884
 21
-2024.93344
 31
0.0
  0
LINE
  5
35D
330
17
100
AcDbEntity
  8
A-WALL
100
AcDbLine
 10
125904.334347
 20
-32928.731213
 30
0.0
 11
124734.625455
 21
-36142.479981
 31
0.0
  0
LINE
  5
35E
330
17
100
AcDbEntity
  8
A-WALL
100
AcDbLine
 10
127680.941896
 20
-37374.478132
 30
0.0
 11
118275.387956
 21
-63216.025205
 31
0.0
  0
LINE
  5
35F
330
17
100
AcDbEntity
  8
A-WALL
100
AcDbLine
 10
126988.782493
 20
-37814.268261
 30
0.0
 11
124560.439483
 21
-44486.085852
 31
0.0
  0
LINE
  5
360
330
17
100
AcDbEntity
  8
A-WALL
100
AcDbLine
 10
117472.158293
 20
-63668.597957
 30
0.0
 11
113948.310965
 21
-62386.02242
 31
0.0
  0
LINE
  5
361
330
17
100
AcDbEntity
  8
A-WALL
100
AcDbLine
 10
20542.864458
 20
-28389.220178
 30
0.0
 11
14101.436621
 21
-26044.73218
 31
0.0
  0
LINE
  5
362
330
17
100
AcDbEntity
  8
A-WALL
100
AcDbLine
 10
28248.343948
 20
-31193.785353
 30
0.0
 11
21106.68003
 21
-28594.432264
 31
0.0
  0
LINE
  5
363
330
17
100
AcDbEntity
  8
A-WALL
100
AcDbLine
 10
35953.823439
 20
-33998.350528
 30
0.0
 11
28812.159521
 21
-31398.997439
 31
0.0
  0
LINE
  5
364
330
17
100
AcDbEntity
  8
A-WALL
100
AcDbLine
 10
43659.302929
 20
-36802.915703
 30
0.0
 11
36517.639011
 21
-34203.562614
 31
0.0
  0
LINE
  5
365
330
17
100
AcDbEntity
  8
A-WALL
100
AcDbLine
 10
67800.023857
 20
-45589.419553
 30
0.0
 11
64896.356159
 21
-44532.570941
 31
0.0
  0
LINE
  5
366
330
17
100
AcDbEntity
  8
A-WALL
100
AcDbLine
 10
121646.660382
 20
-22727.299333
 30
0.0
 11
121882.654126
 21
-22078.911853
 31
0.0
  0
LINE
  5
367
330
17
100
AcDbEntity
  8
A-WALL
100
AcDbLine
 10
121951.058154
 20
-21890.973329
 30
0.0
 11
122063.924957
 21
-21580.874335
 31
0.0
  0
LINE
  5
368
330
17
100
AcDbEntity
  8
A-WALL
100
AcDbLine
 10
119147.950603
 20
-30469.609119
 30
0.0
 11
124153.471202
 21
-16717.0543
 31
0.0
  0
LINE
  5
369
330
17
100
AcDbEntity
  8
A-WALL
100
AcDbLine
 10
119300.408399
 20
-29173.593448
 30
0.0
 11
119779.2366
 21
-27858.023779
 31
0.0
  0
LINE
  5
36A
330
17
100
AcDbEntity
  8
A-WALL
100
AcDbLine
 10
118123.789546
 20
-8964.93344
 30
0.0
 11
118515.315478
 21
-8964.93344
 31
0.0
  0
LINE
  5
36B
330
17
100
AcDbEntity
  8
A-WALL
100
AcDbLine
 10
122269.143243
 20
-21017.0615
 30
0.0
 11
123871.563416
 21
-16614.448257
 31
0.0
  0
LINE
  5
36C
330
17
100
AcDbEntity
  8
A-WALL
100
AcDbLine
 10
121646.666582
 20
-22727.302069
 30
0.0
 11
122063.931157
 21
-21580.877072
 31
0.0
  0
LINE
  5
36D
330
17
100
AcDbEntity
  8
A-WALL
100
AcDbLine
 10
120771.095015
 20
-25132.915179
 30
0.0
 11
121441.454496
 21
-23291.117642
 31
0.0
  0
LINE
  5
36E
330
17
100
AcDbEntity
  8
A-WALL
100
AcDbLine
 10
119984.448686
 20
-27294.208206
 30
0.0
 11
120565.882929
 21
-25696.730751
 31
0.0
  0
LINE
  5
36F
330
17
100
AcDbEntity
  8
A-WALL
100
AcDbLine
 10
115823.789546
 20
-8664.93344
 30
0.0
 11
118515.315478
 21
-8664.93344
 31
0.0
  0
LINE
  5
370
330
17
100
AcDbEntity
  8
A-WALL
100
AcDbLine
 10
115823.789546
 20
-8964.93344
 30
0.0
 11
117523.789546
 21
-8964.93344
 31
0.0
  0
LINE
  5
371
330
17
100
AcDbEntity
  8
A-WALL
100
AcDbLine
 10
118123.789546
 20
-8964.93344
 30
0.0
 11
118515.315478
 21
-8964.93344
 31
0.0
  0
LINE
  5
372
330
17
100
AcDbEntity
  8
A-WALL
100
AcDbLine
 10
68942.09706
 20
-42451.542323
 30
0.0
 11
69147.309146
 21
-41887.726751
 31
0.0
  0
LINE
  5
373
330
17
100
AcDbEntity
  8
A-WALL
100
AcDbLine
 10
121448.056179
 20
-53037.288701
 30
0.0
 11
118917.107118
 21
-59991.014095
 31
0.0
  0
LINE
  5
374
330
17
100
AcDbEntity
  8
A-WALL
100
AcDbLine
 10
124286.823368
 20
-45237.839948
 30
0.0
 11
121721.672293
 21
-52285.534604
 31
0.0
  0
LINE
  5
375
330
17
100
AcDbEntity
  8
A-WALL
100
AcDbLine
 10
118643.491004
 20
-60742.768191
 30
0.0
 11
117822.642652
 21
-62998.030502
 31
0.0
  0
LINE
  5
376
330
17
100
AcDbEntity
  8
A-WALL
100
AcDbLine
 10
56627.061096
 20
-41522.79368
 30
0.0
 11
44223.118502
 21
-37008.127789
 31
0.0
  0
LINE
  5
377
330
17
100
AcDbEntity
  8
A-WALL
100
AcDbLine
 10
64332.540587
 20
-44327.358855
 30
0.0
 11
57190.876669
 21
-41728.005766
 31
0.0
  0
LINE
  5
378
330
17
100
AcDbEntity
  8
A-WALL
100
AcDbLine
 10
78146.022102
 20
-49355.054957
 30
0.0
 11
77149.947149
 21
-48992.513323
 31
0.0
  0
LINE
  5
379
330
17
100
AcDbEntity
  8
A-WALL
100
AcDbLine
 10
83408.300789
 20
-51270.367763
 30
0.0
 11
78709.837674
 21
-49560.267043
 31
0.0
  0
LINE
  5
37A
330
17
100
AcDbEntity
  8
A-WALL
100
AcDbLine
 10
91113.78028
 20
-54074.932938
 30
0.0
 11
83972.116362
 21
-51475.579849
 31
0.0
  0
LINE
  5
37B
330
17
100
AcDbEntity
  8
A-WALL
100
AcDbLine
 10
98819.25977
 20
-56879.498113
 30
0.0
 11
91677.595852
 21
-54280.145024
 31
0.0
  0
LINE
  5
37C
330
17
100
AcDbEntity
  8
A-WALL
100
AcDbLine
 10
106524.739261
 20
-59684.063288
 30
0.0
 11
99383.075343
 21
-57084.710199
 31
0.0
  0
LINE
  5
37D
330
17
100
AcDbEntity
  8
A-WALL
100
AcDbLine
 10
113384.495393
 20
-62180.810334
 30
0.0
 11
107088.554834
 21
-59889.275374
 31
0.0
  0
LINE
  5
37E
330
17
100
AcDbEntity
  8
A-WALL
100
AcDbLine
 10
114203.789546
 20
-8664.93344
 30
0.0
 11
113523.789546
 21
-8664.93344
 31
0.0
  0
LINE
  5
37F
330
17
100
AcDbEntity
  8
A-WALL
100
AcDbLine
 10
49325.099919
 20
-14735.569854
 30
0.0
 11
49925.099919
 21
-14735.569854
 31
0.0
  0
LINE
  5
380
330
17
100
AcDbEntity
  8
A-WALL
100
AcDbLine
 10
49925.099919
 20
-14735.569854
 30
0.0
 11
49925.099919
 21
-13935.569854
 31
0.0
  0
LINE
  5
381
330
17
100
AcDbEntity
  8
A-WALL
100
AcDbLine
 10
49925.099919
 20
-13935.569854
 30
0.0
 11
49325.099919
 21
-13935.569854
 31
0.0
  0
LINE
  5
382
330
17
100
AcDbEntity
  8
A-WALL
100
AcDbLine
 10
49325.099919
 20
-13935.569854
 30
0.0
 11
49325.099919
 21
-14735.569854
 31
0.0
  0
LINE
  5
383
330
17
100
AcDbEntity
  8
A-WALL
100
AcDbLine
 10
19055.099919
 20
-5565.570015
 30
0.0
 11
31115.099919
 21
-5565.570015
 31
0.0
  0
LINE
  5
384
330
17
100
AcDbEntity
  8
A-WALL
100
AcDbLine
 10
31115.099919
 20
-5565.570015
 30
0.0
 11
31115.099919
 21
-7945.569854
 31
0.0
  0
LINE
  5
385
330
17
100
AcDbEntity
  8
A-WALL
100
AcDbLine
 10
23425.099664
 20
-9735.569459
 30
0.0
 11
24225.099664
 21
-9735.569459
 31
0.0
  0
LINE
  5
386
330
17
100
AcDbEntity
  8
A-WALL
100
AcDbLine
 10
24225.099664
 20
-9735.569459
 30
0.0
 11
24225.099664
 21
-10535.569459
 31
0.0
  0
LINE
  5
387
330
17
100
AcDbEntity
  8
A-WALL
100
AcDbLine
 10
24225.099664
 20
-10535.569459
 30
0.0
 11
23425.099664
 21
-10535.569459
 31
0.0
  0
LINE
  5
388
330
17
100
AcDbEntity
  8
A-WALL
100
AcDbLine
 10
23425.099664
 20
-10535.569459
 30
0.0
 11
23425.099664
 21
-9735.569459
 31
0.0
  0
LINE
  5
389
330
17
100
AcDbEntity
  8
A-WALL
100
AcDbLine
 10
23425.099618
 20
-13435.569052
 30
0.0
 11
24225.099618
 21
-13435.569052
 31
0.0
  0
LINE
  5
38A
330
17
100
AcDbEntity
  8
A-WALL
100
AcDbLine
 10
24225.099618
 20
-13435.569052
 30
0.0
 11
24225.099618
 21
-14235.569052
 31
0.0
  0
LINE
  5
38B
330
17
100
AcDbEntity
  8
A-WALL
100
AcDbLine
 10
24225.099618
 20
-14235.569052
 30
0.0
 11
23425.099618
 21
-14235.569052
 31
0.0
  0
LINE
  5
38C
330
17
100
AcDbEntity
  8
A-WALL
100
AcDbLine
 10
23425.099618
 20
-14235.569052
 30
0.0
 11
23425.099618
 21
-13435.569052
 31
0.0
  0
LINE
  5
38D
330
17
100
AcDbEntity
  8
A-WALL
100
AcDbLine
 10
27245.099618
 20
-13435.569052
 30
0.0
 11
27845.099618
 21
-13435.569052
 31
0.0
  0
LINE
  5
38E
330
17
100
AcDbEntity
  8
A-WALL
100
AcDbLine
 10
27845.099618
 20
-13435.569052
 30
0.0
 11
27845.099618
 21
-14235.569052
 31
0.0
  0
LINE
  5
38F
330
17
100
AcDbEntity
  8
A-WALL
100
AcDbLine
 10
27845.099618
 20
-14235.569052
 30
0.0
 11
27245.099618
 21
-14235.569052
 31
0.0
  0
LINE
  5
390
330
17
100
AcDbEntity
  8
A-WALL
100
AcDbLine
 10
27245.099618
 20
-14235.569052
 30
0.0
 11
27245.099618
 21
-13435.569052
 31
0.0
  0
LINE
  5
391
330
17
100
AcDbEntity
  8
A-WALL
100
AcDbLine
 10
27245.099664
 20
-9735.569459
 30
0.0
 11
27845.099664
 21
-9735.569459
 31
0.0
  0
LINE
  5
392
330
17
100
AcDbEntity
  8
A-WALL
100
AcDbLine
 10
27845.099664
 20
-9735.569459
 30
0.0
 11
27845.099664
 21
-10535.569459
 31
0.0
  0
LINE
  5
393
330
17
100
AcDbEntity
  8
A-WALL
100
AcDbLine
 10
27845.099664
 20
-10535.569459
 30
0.0
 11
27245.099664
 21
-10535.569459
 31
0.0
  0
LINE
  5
394
330
17
100
AcDbEntity
  8
A-WALL
100
AcDbLine
 10
27245.099664
 20
-10535.569459
 30
0.0
 11
27245.099664
 21
-9735.569459
 31
0.0
  0
LINE
  5
395
330
17
100
AcDbEntity
  8
A-WALL
100
AcDbLine
 10
27845.099618
 20
-6065.570015
 30
0.0
 11
27845.099618
 21
-6365.569373
 31
0.0
  0
LINE
  5
396
330
17
100
AcDbEntity
  8
A-WALL
100
AcDbLine
 10
27845.099618
 20
-6365.569373
 30
0.0
 11
27245.099618
 21
-6365.569373
 31
0.0
  0
LINE
  5
397
330
17
100
AcDbEntity
  8
A-WALL
100
AcDbLine
 10
27245.099618
 20
-6365.569373
 30
0.0
 11
27245.099618
 21
-6065.570015
 31
0.0
  0
LINE
  5
398
330
17
100
AcDbEntity
  8
A-WALL
100
AcDbLine
 10
34585.099921
 20
-15935.569854
 30
0.0
 11
35185.099921
 21
-15935.569854
 31
0.0
  0
LINE
  5
399
330
17
100
AcDbEntity
  8
A-WALL
100
AcDbLine
 10
35185.099921
 20
-15935.569854
 30
0.0
 11
35185.099921
 21
-16735.569854
 31
0.0
  0
LINE
  5
39A
330
17
100
AcDbEntity
  8
A-WALL
100
AcDbLine
 10
35185.099921
 20
-16735.569854
 30
0.0
 11
34585.099921
 21
-16735.569854
 31
0.0
  0
LINE
  5
39B
330
17
100
AcDbEntity
  8
A-WALL
100
AcDbLine
 10
34585.099921
 20
-16735.569854
 30
0.0
 11
34585.099921
 21
-15935.569854
 31
0.0
  0
LINE
  5
39C
330
17
100
AcDbEntity
  8
A-WALL
100
AcDbLine
 10
38005.099618
 20
-12895.569854
 30
0.0
 11
38605.099618
 21
-12895.569854
 31
0.0
  0
LINE
  5
39D
330
17
100
AcDbEntity
  8
A-WALL
100
AcDbLine
 10
38605.099618
 20
-12895.569854
 30
0.0
 11
38605.099618
 21
-13695.569854
 31
0.0
  0
LINE
  5
39E
330
17
100
AcDbEntity
  8
A-WALL
100
AcDbLine
 10
38605.099618
 20
-13695.569854
 30
0.0
 11
38005.099618
 21
-13695.569854
 31
0.0
  0
LINE
  5
39F
330
17
100
AcDbEntity
  8
A-WALL
100
AcDbLine
 10
38005.099618
 20
-13695.569854
 30
0.0
 11
38005.099618
 21
-12895.569854
 31
0.0
  0
LINE
  5
3A0
330
17
100
AcDbEntity
  8
A-WALL
100
AcDbLine
 10
34585.099921
 20
-12895.569854
 30
0.0
 11
35185.099921
 21
-12895.569854
 31
0.0
  0
LINE
  5
3A1
330
17
100
AcDbEntity
  8
A-WALL
100
AcDbLine
 10
35185.099921
 20
-12895.569854
 30
0.0
 11
35185.099921
 21
-13695.569854
 31
0.0
  0
LINE
  5
3A2
330
17
100
AcDbEntity
  8
A-WALL
100
AcDbLine
 10
35185.099921
 20
-13695.569854
 30
0.0
 11
34585.099921
 21
-13695.569854
 31
0.0
  0
LINE
  5
3A3
330
17
100
AcDbEntity
  8
A-WALL
100
AcDbLine
 10
34585.099921
 20
-13695.569854
 30
0.0
 11
34585.099921
 21
-12895.569854
 31
0.0
  0
LINE
  5
3A4
330
17
100
AcDbEntity
  8
A-WALL
100
AcDbLine
 10
38005.099618
 20
-15935.569854
 30
0.0
 11
38605.099618
 21
-15935.569854
 31
0.0
  0
LINE
  5
3A5
330
17
100
AcDbEntity
  8
A-WALL
100
AcDbLine
 10
38605.099618
 20
-15935.569854
 30
0.0
 11
38605.099618
 21
-16735.569854
 31
0.0
  0
LINE
  5
3A6
330
17
100
AcDbEntity
  8
A-WALL
100
AcDbLine
 10
38605.099618
 20
-16735.569854
 30
0.0
 11
38005.099618
 21
-16735.569854
 31
0.0
  0
LINE
  5
3A7
330
17
100
AcDbEntity
  8
A-WALL
100
AcDbLine
 10
38005.099618
 20
-16735.569854
 30
0.0
 11
38005.099618
 21
-15935.569854
 31
0.0
  0
LINE
  5
3A8
330
17
100
AcDbEntity
  8
A-WALL
100
AcDbLine
 10
44090.099903
 20
-15935.569854
 30
0.0
 11
44090.099919
 21
-15935.569854
 31
0.0
  0
LINE
  5
3A9
330
17
100
AcDbEntity
  8
A-WALL
100
AcDbLine
 10
44090.099919
 20
-15935.569854
 30
0.0
 11
44090.099919
 21
-16735.569854
 31
0.0
  0
LINE
  5
3AA
330
17
100
AcDbEntity
  8
A-WALL
100
AcDbLine
 10
44090.099919
 20
-16735.569854
 30
0.0
 11
43490.099919
 21
-16735.569854
 31
0.0
  0
LINE
  5
3AB
330
17
100
AcDbEntity
  8
A-WALL
100
AcDbLine
 10
43490.099919
 20
-16735.569854
 30
0.0
 11
43490.099919
 21
-15935.569854
 31
0.0
  0
LINE
  5
3AC
330
17
100
AcDbEntity
  8
A-WALL
100
AcDbLine
 10
43490.099919
 20
-15935.569854
 30
0.0
 11
43840.099919
 21
-15935.569854
 31
0.0
  0
LINE
  5
3AD
330
17
100
AcDbEntity
  8
A-WALL
100
AcDbLine
 10
57015.099919
 20
-16735.569854
 30
0.0
 11
56415.099919
 21
-16735.569854
 31
0.0
  0
LINE
  5
3AE
330
17
100
AcDbEntity
  8
A-WALL
100
AcDbLine
 10
56415.099919
 20
-16735.569854
 30
0.0
 11
56415.099919
 21
-15935.569854
 31
0.0
  0
LINE
  5
3AF
330
17
100
AcDbEntity
  8
A-WALL
100
AcDbLine
 10
56415.099919
 20
-15935.569854
 30
0.0
 11
56765.099919
 21
-15935.569854
 31
0.0
  0
LINE
  5
3B0
330
17
100
AcDbEntity
  8
A-WALL
100
AcDbLine
 10
56765.099919
 20
-9845.569854
 30
0.0
 11
56415.099919
 21
-9845.569854
 31
0.0
  0
LINE
  5
3B1
330
17
100
AcDbEntity
  8
A-WALL
100
AcDbLine
 10
56415.099919
 20
-9845.569854
 30
0.0
 11
56415.099919
 21
-10645.569854
 31
0.0
  0
LINE
  5
3B2
330
17
100
AcDbEntity
  8
A-WALL
100
AcDbLine
 10
56415.099919
 20
-10645.569854
 30
0.0
 11
56765.099919
 21
-10645.569854
 31
0.0
  0
LINE
  5
3B3
330
17
100
AcDbEntity
  8
A-WALL
100
AcDbLine
 10
56765.099919
 20
-12735.569854
 30
0.0
 11
56415.099919
 21
-12735.569854
 31
0.0
  0
LINE
  5
3B4
330
17
100
AcDbEntity
  8
A-WALL
100
AcDbLine
 10
56415.099919
 20
-12735.569854
 30
0.0
 11
56415.099919
 21
-11935.569854
 31
0.0
  0
LINE
  5
3B5
330
17
100
AcDbEntity
  8
A-WALL
100
AcDbLine
 10
56415.099919
 20
-11935.569854
 30
0.0
 11
56765.099919
 21
-11935.569854
 31
0.0
  0
LINE
  5
3B6
330
17
100
AcDbEntity
  8
A-WALL
100
AcDbLine
 10
49765.099873
 20
-9845.569854
 30
0.0
 11
49925.099919
 21
-9845.569854
 31
0.0
  0
LINE
  5
3B7
330
17
100
AcDbEntity
  8
A-WALL
100
AcDbLine
 10
49925.099919
 20
-9845.569854
 30
0.0
 11
49925.099919
 21
-10645.569854
 31
0.0
  0
LINE
  5
3B8
330
17
100
AcDbEntity
  8
A-WALL
100
AcDbLine
 10
49925.099919
 20
-10645.569854
 30
0.0
 11
49325.099919
 21
-10645.569854
 31
0.0
  0
LINE
  5
3B9
330
17
100
AcDbEntity
  8
A-WALL
100
AcDbLine
 10
49325.099919
 20
-10645.569854
 30
0.0
 11
49325.099919
 21
-10095.569854
 31
0.0
  0
LINE
  5
3BA
330
17
100
AcDbEntity
  8
A-WALL
100
AcDbLine
 10
56765.099919
 20
-14735.569854
 30
0.0
 11
56415.099919
 21
-14735.569854
 31
0.0
  0
LINE
  5
3BB
330
17
100
AcDbEntity
  8
A-WALL
100
AcDbLine
 10
56415.099919
 20
-14735.569854
 30
0.0
 11
56415.099919
 21
-13935.569854
 31
0.0
  0
LINE
  5
3BC
330
17
100
AcDbEntity
  8
A-WALL
100
AcDbLine
 10
56415.099919
 20
-13935.569854
 30
0.0
 11
56765.099919
 21
-13935.569854
 31
0.0
  0
LINE
  5
3BD
330
17
100
AcDbEntity
  8
A-WALL
100
AcDbLine
 10
34585.099919
 20
-8395.570496
 30
0.0
 11
34585.099919
 21
-9105.569854
 31
0.0
  0
LINE
  5
3BE
330
17
100
AcDbEntity
  8
A-WALL
100
AcDbLine
 10
34585.099919
 20
-9105.569854
 30
0.0
 11
35185.099919
 21
-9105.569854
 31
0.0
  0
LINE
  5
3BF
330
17
100
AcDbEntity
  8
A-WALL
100
AcDbLine
 10
35185.099919
 20
-9105.569854
 30
0.0
 11
35185.099919
 21
-8395.570496
 31
0.0
  0
LINE
  5
3C0
330
17
100
AcDbEntity
  8
A-WALL
100
AcDbLine
 10
19305.099919
 20
-14235.570025
 30
0.0
 11
19905.099919
 21
-14235.570025
 31
0.0
  0
LINE
  5
3C1
330
17
100
AcDbEntity
  8
A-WALL
100
AcDbLine
 10
19905.099919
 20
-14235.570025
 30
0.0
 11
19905.099919
 21
-13435.570025
 31
0.0
  0
LINE
  5
3C2
330
17
100
AcDbEntity
  8
A-WALL
100
AcDbLine
 10
19905.099919
 20
-13435.570025
 30
0.0
 11
19305.099919
 21
-13435.570025
 31
0.0
  0
LINE
  5
3C3
330
17
100
AcDbEntity
  8
A-WALL
100
AcDbLine
 10
19305.099919
 20
-13435.570025
 30
0.0
 11
19305.099919
 21
-14235.570025
 31
0.0
  0
LINE
  5
3C4
330
17
100
AcDbEntity
  8
A-WALL
100
AcDbLine
 10
23425.099618
 20
-6365.569373
 30
0.0
 11
24225.099618
 21
-6365.569373
 31
0.0
  0
LINE
  5
3C5
330
17
100
AcDbEntity
  8
A-WALL
100
AcDbLine
 10
24225.099618
 20
-6365.569373
 30
0.0
 11
24225.099618
 21
-6065.570015
 31
0.0
  0
LINE
  5
3C6
330
17
100
AcDbEntity
  8
A-WALL
100
AcDbLine
 10
31115.099919
 20
-9105.569854
 30
0.0
 11
31515.099919
 21
-9105.569854
 31
0.0
  0
LINE
  5
3C7
330
17
100
AcDbEntity
  8
A-WALL
100
AcDbLine
 10
31515.099919
 20
-9105.569854
 30
0.0
 11
31515.099919
 21
-8395.569854
 31
0.0
  0
LINE
  5
3C8
330
17
100
AcDbEntity
  8
A-WALL
100
AcDbLine
 10
30515.099858
 20
-6065.570015
 30
0.0
 11
30515.099858
 21
-6365.569854
 31
0.0
  0
LINE
  5
3C9
330
17
100
AcDbEntity
  8
A-WALL
100
AcDbLine
 10
30515.099858
 20
-6365.569854
 30
0.0
 11
30665.099919
 21
-6365.569854
 31
0.0
  0
LINE
  5
3CA
330
17
100
AcDbEntity
  8
A-WALL
100
AcDbLine
 10
37815.099919
 20
-8395.569854
 30
0.0
 11
37815.099919
 21
-9105.569854
 31
0.0
  0
LINE
  5
3CB
330
17
100
AcDbEntity
  8
A-WALL
100
AcDbLine
 10
37815.099919
 20
-9105.569854
 30
0.0
 11
38215.099919
 21
-9105.569854
 31
0.0
  0
LINE
  5
3CC
330
17
100
AcDbEntity
  8
A-WALL
100
AcDbLine
 10
49325.099919
 20
-15935.569854
 30
0.0
 11
49925.099919
 21
-15935.569854
 31
0.0
  0
LINE
  5
3CD
330
17
100
AcDbEntity
  8
A-WALL
100
AcDbLine
 10
49925.099919
 20
-15935.569854
 30
0.0
 11
49925.099919
 21
-16735.569854
 31
0.0
  0
LINE
  5
3CE
330
17
100
AcDbEntity
  8
A-WALL
100
AcDbLine
 10
49925.099919
 20
-16735.569854
 30
0.0
 11
49325.099919
 21
-16735.569854
 31
0.0
  0
LINE
  5
3CF
330
17
100
AcDbEntity
  8
A-WALL
100
AcDbLine
 10
49325.099919
 20
-16735.569854
 30
0.0
 11
49325.099919
 21
-15935.569854
 31
0.0
  0
LINE
  5
3D0
330
17
100
AcDbEntity
  8
A-WALL
100
AcDbLine
 10
49925.099919
 20
-11935.569854
 30
0.0
 11
49325.099919
 21
-11935.569854
 31
0.0
  0
LINE
  5
3D1
330
17
100
AcDbEntity
  8
A-WALL
100
AcDbLine
 10
49325.099919
 20
-11935.569854
 30
0.0
 11
49325.099919
 21
-12735.569854
 31
0.0
  0
LINE
  5
3D2
330
17
100
AcDbEntity
  8
A-WALL
100
AcDbLine
 10
49325.099919
 20
-12735.569854
 30
0.0
 11
49925.099919
 21
-12735.569854
 31
0.0
  0
LINE
  5
3D3
330
17
100
AcDbEntity
  8
A-WALL
100
AcDbLine
 10
49925.099919
 20
-12735.569854
 30
0.0
 11
49925.099919
 21
-11935.569854
 31
0.0
  0
LINE
  5
3D4
330
17
100
AcDbEntity
  8
A-WALL
100
AcDbLine
 10
23425.099618
 20
-6065.570015
 30
0.0
 11
23425.099618
 21
-6365.569373
 31
0.0
  0
LINE
  5
3D5
330
17
100
AcDbEntity
  8
A-WALL
100
AcDbLine
 10
19555.099919
 20
-6365.568732
 30
0.0
 11
19905.099919
 21
-6365.568732
 31
0.0
  0
LINE
  5
3D6
330
17
100
AcDbEntity
  8
A-WALL
100
AcDbLine
 10
19905.099919
 20
-6365.568732
 30
0.0
 11
19905.099919
 21
-6065.570015
 31
0.0
  0
LINE
  5
3D7
330
17
100
AcDbEntity
  8
A-WALL
100
AcDbLine
 10
30665.099919
 20
-6365.569854
 30
0.0
 11
30665.099919
 21
-8395.569854
 31
0.0
  0
LINE
  5
3D8
330
17
100
AcDbEntity
  8
A-WALL
100
AcDbLine
 10
30665.099919
 20
-8395.569854
 30
0.0
 11
30915.099866
 21
-8395.569854
 31
0.0
  0
LINE
  5
3D9
330
17
100
AcDbEntity
  8
A-WALL
100
AcDbLine
 10
37815.099919
 20
-8395.569854
 30
0.0
 11
35185.099919
 21
-8395.569854
 31
0.0
  0
LINE
  5
3DA
330
17
100
AcDbEntity
  8
A-WALL
100
AcDbLine
 10
50115.099919
 20
-9105.569854
 30
0.0
 11
50115.099919
 21
-8445.569213
 31
0.0
  0
LINE
  5
3DB
330
17
100
AcDbEntity
  8
A-WALL
100
AcDbLine
 10
42295.099919
 20
-7845.569854
 30
0.0
 11
42295.099919
 21
-5345.569854
 31
0.0
  0
LINE
  5
3DC
330
17
100
AcDbEntity
  8
A-WALL
100
AcDbLine
 10
42295.099919
 20
-5345.569854
 30
0.0
 11
44895.099919
 21
-5345.569854
 31
0.0
  0
LINE
  5
3DD
330
17
100
AcDbEntity
  8
A-WALL
100
AcDbLine
 10
34585.099919
 20
-8395.569854
 30
0.0
 11
31515.099919
 21
-8395.569854
 31
0.0
  0
LINE
  5
3DE
330
17
100
AcDbEntity
  8
A-WALL
100
AcDbLine
 10
6256.004676
 20
-12007.178167
 30
0.0
 11
7742.330184
 21
-13024.886483
 31
0.0
  0
LINE
  5
3DF
330
17
100
AcDbEntity
  8
A-WALL
100
AcDbLine
 10
7742.330184
 20
-13024.886483
 30
0.0
 11
6902.714146
 21
-16392.402477
 31
0.0
  0
LINE
  5
3E0
330
17
100
AcDbEntity
  8
A-WALL
100
AcDbLine
 10
6902.714146
 20
-16392.402477
 30
0.0
 11
7911.821266
 21
-16644.00114
 31
0.0
  0
LINE
  5
3E1
330
17
100
AcDbEntity
  8
A-WALL
100
AcDbLine
 10
7911.821266
 20
-16644.00114
 30
0.0
 11
7577.96905
 21
-17983.009242
 31
0.0
  0
LINE
  5
3E2
330
17
100
AcDbEntity
  8
A-WALL
100
AcDbLine
 10
37965.099919
 20
-7945.569854
 30
0.0
 11
37965.099919
 21
-7695.569854
 31
0.0
  0
LINE
  5
3E3
330
17
100
AcDbEntity
  8
A-WALL
100
AcDbLine
 10
37965.099919
 20
-7695.569854
 30
0.0
 11
41845.099919
 21
-7695.569854
 31
0.0
  0
LINE
  5
3E4
330
17
100
AcDbEntity
  8
A-WALL
100
AcDbLine
 10
41845.099919
 20
-7695.569854
 30
0.0
 11
41845.099919
 21
-4895.569854
 31
0.0
  0
LINE
  5
3E5
330
17
100
AcDbEntity
  8
A-WALL
100
AcDbLine
 10
41845.099919
 20
-4895.569854
 30
0.0
 11
50225.099919
 21
-4895.569854
 31
0.0
  0
LINE
  5
3E6
330
17
100
AcDbEntity
  8
A-WALL
100
AcDbLine
 10
50225.099919
 20
-4895.569854
 30
0.0
 11
50225.099919
 21
-7945.569213
 31
0.0
  0
LINE
  5
3E7
330
17
100
AcDbEntity
  8
A-WALL
100
AcDbLine
 10
7942.155965
 20
-18589.118053
 30
0.0
 11
6321.762102
 21
-18185.108487
 31
0.0
  0
LINE
  5
3E8
330
17
100
AcDbEntity
  8
A-WALL
100
AcDbLine
 10
5957.575187
 20
-17578.999676
 30
0.0
 11
4377.825209
 21
-23915.030769
 31
0.0
  0
LINE
  5
3E9
330
17
100
AcDbEntity
  8
A-WALL
100
AcDbLine
 10
4377.825209
 20
-23915.030769
 30
0.0
 11
5183.169382
 21
-24115.831075
 31
0.0
  0
LINE
  5
3EA
330
17
100
AcDbEntity
  8
A-WALL
100
AcDbLine
 10
5183.169382
 20
-24115.831075
 30
0.0
 11
4745.292031
 21
-25872.061207
 31
0.0
  0
LINE
  5
3EB
330
17
100
AcDbEntity
  8
A-WALL
100
AcDbLine
 10
10932.371042
 20
-6858.726816
 30
0.0
 11
11101.833235
 21
-6611.233525
 31
0.0
  0
LINE
  5
3EC
330
17
100
AcDbEntity
  8
A-WALL
100
AcDbLine
 10
11101.833235
 20
-6611.233525
 30
0.0
 11
11955.235155
 21
-7195.570015
 31
0.0
  0
LINE
  5
3ED
330
17
100
AcDbEntity
  8
A-WALL
100
AcDbLine
 10
11955.235155
 20
-7195.570015
 30
0.0
 11
12935.092326
 21
-7195.570015
 31
0.0
  0
LINE
  5
3EE
330
17
100
AcDbEntity
  8
A-WALL
100
AcDbLine
 10
12935.092326
 20
-7195.570015
 30
0.0
 11
12935.092326
 21
-4495.570015
 31
0.0
  0
LINE
  5
3EF
330
17
100
AcDbEntity
  8
A-WALL
100
AcDbLine
 10
12935.092326
 20
-4495.570015
 30
0.0
 11
16535.092326
 21
-4495.570015
 31
0.0
  0
LINE
  5
3F0
330
17
100
AcDbEntity
  8
A-WALL
100
AcDbLine
 10
16535.092326
 20
-4495.570015
 30
0.0
 11
16535.092326
 21
-7195.570015
 31
0.0
  0
LINE
  5
3F1
330
17
100
AcDbEntity
  8
A-WALL
100
AcDbLine
 10
16535.092326
 20
-7195.570015
 30
0.0
 11
19055.099919
 21
-7195.570015
 31
0.0
  0
LINE
  5
3F2
330
17
100
AcDbEntity
  8
A-WALL
100
AcDbLine
 10
24225.099618
 20
-6065.570015
 30
0.0
 11
27245.099618
 21
-6065.570015
 31
0.0
  0
LINE
  5
3F3
330
17
100
AcDbEntity
  8
A-WALL
100
AcDbLine
 10
19905.099919
 20
-6065.570015
 30
0.0
 11
23425.099618
 21
-6065.570015
 31
0.0
  0
LINE
  5
3F4
330
17
100
AcDbEntity
  8
A-WALL
100
AcDbLine
 10
27845.099618
 20
-6065.570015
 30
0.0
 11
30515.099858
 21
-6065.570015
 31
0.0
  0
LINE
  5
3F5
330
17
100
AcDbEntity
  8
A-WALL
100
AcDbLine
 10
533.445352
 20
-345.263448
 30
0.0
 11
10856.174017
 21
-7412.513483
 31
0.0
  0
LINE
  5
3F6
330
17
100
AcDbEntity
  8
A-WALL
100
AcDbLine
 10
-3799.488498
 20
-6674.132561
 30
0.0
 11
533.4453520000002
 21
-345.2634479999997
 31
0.0
  0
LINE
  5
3F7
330
17
100
AcDbEntity
  8
A-WALL
100
AcDbLine
 10
6321.762102
 20
-18185.108487
 30
0.0
 11
4983.933249
 21
-23550.846946
 31
0.0
  0
LINE
  5
3F8
330
17
100
AcDbEntity
  8
A-WALL
100
AcDbLine
 10
4983.933249
 20
-23550.846946
 30
0.0
 11
5789.277422
 21
-23751.647252
 31
0.0
  0
LINE
  5
3F9
330
17
100
AcDbEntity
  8
A-WALL
100
AcDbLine
 10
5789.277422
 20
-23751.647252
 30
0.0
 11
5351.400841
 21
-25507.874292
 31
0.0
  0
LINE
  5
3FA
330
17
100
AcDbEntity
  8
A-WALL
100
AcDbLine
 10
80514.286488
 20
-26504.970189
 30
0.0
 11
80774.387177
 21
-26739.165901
 31
0.0
  0
LINE
  5
3FB
330
17
100
AcDbEntity
  8
A-WALL
100
AcDbLine
 10
80774.387177
 20
-26739.165901
 30
0.0
 11
81175.865541
 21
-26293.279006
 31
0.0
  0
LINE
  5
3FC
330
17
100
AcDbEntity
  8
A-WALL
100
AcDbLine
 10
81175.865541
 20
-26293.279006
 30
0.0
 11
80915.764852
 21
-26059.083294
 31
0.0
  0
LINE
  5
3FD
330
17
100
AcDbEntity
  8
A-WALL
100
AcDbLine
 10
80069.772584
 20
-31601.640668
 30
0.0
 11
80329.873273
 21
-31835.83638
 31
0.0
  0
LINE
  5
3FE
330
17
100
AcDbEntity
  8
A-WALL
100
AcDbLine
 10
80329.873273
 20
-31835.83638
 30
0.0
 11
80731.351637
 21
-31389.949484
 31
0.0
  0
LINE
  5
3FF
330
17
100
AcDbEntity
  8
A-WALL
100
AcDbLine
 10
80731.351637
 20
-31389.949484
 30
0.0
 11
80285.464742
 21
-30988.471121
 31
0.0
  0
LINE
  5
400
330
17
100
AcDbEntity
  8
A-WALL
100
AcDbLine
 10
77780.886522
 20
-29540.7184
 30
0.0
 11
78040.987211
 21
-29774.914112
 31
0.0
  0
LINE
  5
401
330
17
100
AcDbEntity
  8
A-WALL
100
AcDbLine
 10
78040.987211
 20
-29774.914112
 30
0.0
 11
78442.465574
 21
-29329.027217
 31
0.0
  0
LINE
  5
402
330
17
100
AcDbEntity
  8
A-WALL
100
AcDbLine
 10
78442.465574
 20
-29329.027217
 30
0.0
 11
78182.364886
 21
-29094.831505
 31
0.0
  0
LINE
  5
403
330
17
100
AcDbEntity
  8
A-WALL
100
AcDbLine
 10
82617.384905
 20
-28398.611404
 30
0.0
 11
83063.2718
 21
-28800.089768
 31
0.0
  0
LINE
  5
404
330
17
100
AcDbEntity
  8
A-WALL
100
AcDbLine
 10
83063.2718
 20
-28800.089768
 30
0.0
 11
83297.467512
 21
-28539.989079
 31
0.0
  0
LINE
  5
405
330
17
100
AcDbEntity
  8
A-WALL
100
AcDbLine
 10
71471.09228
 20
-21080.62256
 30
0.0
 11
72362.866071
 21
-21883.579287
 31
0.0
  0
LINE
  5
406
330
17
100
AcDbEntity
  8
A-WALL
100
AcDbLine
 10
72362.866071
 20
-21883.579287
 30
0.0
 11
72764.344435
 21
-21437.692392
 31
0.0
  0
LINE
  5
407
330
17
100
AcDbEntity
  8
A-WALL
100
AcDbLine
 10
72764.344435
 20
-21437.692392
 30
0.0
 11
71872.570644
 21
-20634.735664
 31
0.0
  0
LINE
  5
408
330
17
100
AcDbEntity
  8
A-WALL
100
AcDbLine
 10
71872.570644
 20
-20634.735664
 30
0.0
 11
71471.09228
 21
-21080.62256
 31
0.0
  0
LINE
  5
409
330
17
100
AcDbEntity
  8
A-WALL
100
AcDbLine
 10
78865.805185
 20
-15856.914964
 30
0.0
 11
79615.231464
 21
-15024.592759
 31
0.0
  0
LINE
  5
40A
330
17
100
AcDbEntity
  8
A-WALL
100
AcDbLine
 10
79615.231464
 20
-15024.592759
 30
0.0
 11
78723.457674
 21
-14221.636031
 31
0.0
  0
LINE
  5
40B
330
17
100
AcDbEntity
  8
A-WALL
100
AcDbLine
 10
78723.457674
 20
-14221.636031
 30
0.0
 11
77974.031395
 21
-15053.958236
 31
0.0
  0
LINE
  5
40C
330
17
100
AcDbEntity
  8
A-WALL
100
AcDbLine
 10
77974.031395
 20
-15053.958236
 30
0.0
 11
78865.805185
 21
-15856.914964
 31
0.0
  0
LINE
  5
40D
330
17
100
AcDbEntity
  8
A-WALL
100
AcDbLine
 10
76722.757806
 20
-16443.639641
 30
0.0
 11
77614.531597
 21
-17246.596368
 31
0.0
  0
LINE
  5
40E
330
17
100
AcDbEntity
  8
A-WALL
100
AcDbLine
 10
77614.531597
 20
-17246.596368
 30
0.0
 11
78016.009961
 21
-16800.709473
 31
0.0
  0
LINE
  5
40F
330
17
100
AcDbEntity
  8
A-WALL
100
AcDbLine
 10
78016.009961
 20
-16800.709473
 30
0.0
 11
77124.23617
 21
-15997.752745
 31
0.0
  0
LINE
  5
410
330
17
100
AcDbEntity
  8
A-WALL
100
AcDbLine
 10
77124.23617
 20
-15997.752745
 30
0.0
 11
76722.757806
 21
-16443.639641
 31
0.0
  0
LINE
  5
411
330
17
100
AcDbEntity
  8
A-WALL
100
AcDbLine
 10
69476.37448
 20
-13148.485338
 30
0.0
 11
69736.475169
 21
-13382.681051
 31
0.0
  0
LINE
  5
412
330
17
100
AcDbEntity
  8
A-WALL
100
AcDbLine
 10
69736.475169
 20
-13382.681051
 30
0.0
 11
70271.779654
 21
-12788.16519
 31
0.0
  0
LINE
  5
413
330
17
100
AcDbEntity
  8
A-WALL
100
AcDbLine
 10
70271.779654
 20
-12788.16519
 30
0.0
 11
70011.678965
 21
-12553.969478
 31
0.0
  0
LINE
  5
414
330
17
100
AcDbEntity
  8
A-WALL
100
AcDbLine
 10
67930.682779
 20
-14865.149885
 30
0.0
 11
68190.783468
 21
-15099.345598
 31
0.0
  0
LINE
  5
415
330
17
100
AcDbEntity
  8
A-WALL
100
AcDbLine
 10
68190.783468
 20
-15099.345598
 30
0.0
 11
68726.087954
 21
-14504.829737
 31
0.0
  0
LINE
  5
416
330
17
100
AcDbEntity
  8
A-WALL
100
AcDbLine
 10
68726.087954
 20
-14504.829737
 30
0.0
 11
68465.987264
 21
-14270.634025
 31
0.0
  0
LINE
  5
417
330
17
100
AcDbEntity
  8
A-WALL
100
AcDbLine
 10
72333.562169
 20
-9975.256933
 30
0.0
 11
72593.662858
 21
-10209.452646
 31
0.0
  0
LINE
  5
418
330
17
100
AcDbEntity
  8
A-WALL
100
AcDbLine
 10
72593.662858
 20
-10209.452646
 30
0.0
 11
73343.089137
 21
-9377.130441
 31
0.0
  0
LINE
  5
419
330
17
100
AcDbEntity
  8
A-WALL
100
AcDbLine
 10
73343.089137
 20
-9377.130441
 30
0.0
 11
72897.202242
 21
-8975.652077
 31
0.0
  0
LINE
  5
41A
330
17
100
AcDbEntity
  8
A-WALL
100
AcDbLine
 10
71015.374875
 20
-11439.25224
 30
0.0
 11
71275.475564
 21
-11673.447952
 31
0.0
  0
LINE
  5
41B
330
17
100
AcDbEntity
  8
A-WALL
100
AcDbLine
 10
71275.475564
 20
-11673.447952
 30
0.0
 11
71810.780049
 21
-11078.932091
 31
0.0
  0
LINE
  5
41C
330
17
100
AcDbEntity
  8
A-WALL
100
AcDbLine
 10
71810.780049
 20
-11078.932091
 30
0.0
 11
71550.67936
 21
-10844.736379
 31
0.0
  0
LINE
  5
41D
330
17
100
AcDbEntity
  8
A-WALL
100
AcDbLine
 10
66239.352709
 20
-16369.943091
 30
0.0
 11
66685.239604
 21
-16771.421455
 31
0.0
  0
LINE
  5
41E
330
17
100
AcDbEntity
  8
A-WALL
100
AcDbLine
 10
66685.239604
 20
-16771.421455
 30
0.0
 11
67374.444129
 21
-16005.982284
 31
0.0
  0
LINE
  5
41F
330
17
100
AcDbEntity
  8
A-WALL
100
AcDbLine
 10
67374.444129
 20
-16005.982284
 30
0.0
 11
67114.34344
 21
-15771.786572
 31
0.0
  0
LINE
  5
420
330
17
100
AcDbEntity
  8
A-WALL
100
AcDbLine
 10
74589.240906
 20
-17617.567673
 30
0.0
 11
76075.530557
 21
-18955.828886
 31
0.0
  0
LINE
  5
421
330
17
100
AcDbEntity
  8
A-WALL
100
AcDbLine
 10
76075.530557
 20
-18955.828886
 30
0.0
 11
76477.008921
 21
-18509.94199
 31
0.0
  0
LINE
  5
422
330
17
100
AcDbEntity
  8
A-WALL
100
AcDbLine
 10
76477.008921
 20
-18509.94199
 30
0.0
 11
74990.71927
 21
-17171.680778
 31
0.0
  0
LINE
  5
423
330
17
100
AcDbEntity
  8
A-WALL
100
AcDbLine
 10
74990.71927
 20
-17171.680778
 30
0.0
 11
74589.240906
 21
-17617.567673
 31
0.0
  0
LINE
  5
424
330
17
100
AcDbEntity
  8
A-WALL
100
AcDbLine
 10
73043.549205
 20
-19334.23222
 30
0.0
 11
73935.322996
 21
-20137.188947
 31
0.0
  0
LINE
  5
425
330
17
100
AcDbEntity
  8
A-WALL
100
AcDbLine
 10
73935.322996
 20
-20137.188947
 30
0.0
 11
74336.80136
 21
-19691.302052
 31
0.0
  0
LINE
  5
426
330
17
100
AcDbEntity
  8
A-WALL
100
AcDbLine
 10
74336.80136
 20
-19691.302052
 30
0.0
 11
73445.027569
 21
-18888.345324
 31
0.0
  0
LINE
  5
427
330
17
100
AcDbEntity
  8
A-WALL
100
AcDbLine
 10
73445.027569
 20
-18888.345324
 30
0.0
 11
73043.549205
 21
-19334.23222
 31
0.0
  0
LINE
  5
428
330
17
100
AcDbEntity
  8
A-WALL
100
AcDbLine
 10
73044.785788
 20
-36442.345605
 30
0.0
 11
72907.977731
 21
-36818.222653
 31
0.0
  0
LINE
  5
429
330
17
100
AcDbEntity
  8
A-WALL
100
AcDbLine
 10
72907.977731
 20
-36818.222653
 30
0.0
 11
73922.845761
 21
-37187.604408
 31
0.0
  0
LINE
  5
42A
330
17
100
AcDbEntity
  8
A-WALL
100
AcDbLine
 10
73922.845761
 20
-37187.604408
 30
0.0
 11
74128.057847
 21
-36623.788836
 31
0.0
  0
LINE
  5
42B
330
17
100
AcDbEntity
  8
A-WALL
100
AcDbLine
 10
68868.442846
 20
-45957.804586
 30
0.0
 11
68988.149896
 21
-45628.912169
 31
0.0
  0
LINE
  5
42C
330
17
100
AcDbEntity
  8
A-WALL
100
AcDbLine
 10
68988.149896
 20
-45628.912169
 30
0.0
 11
67926.297235
 21
-45242.429407
 31
0.0
  0
LINE
  5
42D
330
17
100
AcDbEntity
  8
A-WALL
100
AcDbLine
 10
67926.297235
 20
-45242.429407
 30
0.0
 11
67800.005572
 21
-45589.412898
 31
0.0
  0
LINE
  5
42E
330
17
100
AcDbEntity
  8
A-WALL
100
AcDbLine
 10
75204.635376
 20
-21185.888657
 30
0.0
 11
74859.073032
 21
-20874.742925
 31
0.0
  0
LINE
  5
42F
330
17
100
AcDbEntity
  8
A-WALL
100
AcDbLine
 10
74859.073032
 20
-20874.742925
 30
0.0
 11
74457.594668
 21
-21320.629821
 31
0.0
  0
LINE
  5
430
330
17
100
AcDbEntity
  8
A-WALL
100
AcDbLine
 10
74457.594668
 20
-21320.629821
 30
0.0
 11
74903.481564
 21
-21722.108184
 31
0.0
  0
LINE
  5
431
330
17
100
AcDbEntity
  8
A-WALL
100
AcDbLine
 10
71353.339071
 20
-35826.709347
 30
0.0
 11
71216.531013
 21
-36202.586395
 31
0.0
  0
LINE
  5
432
330
17
100
AcDbEntity
  8
A-WALL
100
AcDbLine
 10
71216.531013
 20
-36202.586395
 30
0.0
 11
72278.383675
 21
-36589.069157
 31
0.0
  0
LINE
  5
433
330
17
100
AcDbEntity
  8
A-WALL
100
AcDbLine
 10
72278.383675
 20
-36589.069157
 30
0.0
 11
72415.191732
 21
-36213.192109
 31
0.0
  0
LINE
  5
434
330
17
100
AcDbEntity
  8
A-WALL
100
AcDbLine
 10
75481.215221
 20
-37116.297842
 30
0.0
 11
75276.003135
 21
-37680.113414
 31
0.0
  0
LINE
  5
435
330
17
100
AcDbEntity
  8
A-WALL
100
AcDbLine
 10
75276.003135
 20
-37680.113414
 30
0.0
 11
76243.886535
 21
-38032.394162
 31
0.0
  0
LINE
  5
436
330
17
100
AcDbEntity
  8
A-WALL
100
AcDbLine
 10
76243.886535
 20
-38032.394162
 30
0.0
 11
76449.098621
 21
-37468.57859
 31
0.0
  0
LINE
  5
437
330
17
100
AcDbEntity
  8
A-WALL
100
AcDbLine
 10
76449.098621
 20
-37468.57859
 30
0.0
 11
75481.215221
 21
-37116.297842
 31
0.0
  0
LINE
  5
438
330
17
100
AcDbEntity
  8
A-WALL
100
AcDbLine
 10
75368.074296
 20
-44151.9001
 30
0.0
 11
75162.86221
 21
-44715.715672
 31
0.0
  0
LINE
  5
439
330
17
100
AcDbEntity
  8
A-WALL
100
AcDbLine
 10
75162.86221
 20
-44715.715672
 30
0.0
 11
76130.745609
 21
-45067.99642
 31
0.0
  0
LINE
  5
43A
330
17
100
AcDbEntity
  8
A-WALL
100
AcDbLine
 10
76130.745609
 20
-45067.99642
 30
0.0
 11
76335.957695
 21
-44504.180847
 31
0.0
  0
LINE
  5
43B
330
17
100
AcDbEntity
  8
A-WALL
100
AcDbLine
 10
76335.957695
 20
-44504.180847
 30
0.0
 11
75368.074296
 21
-44151.9001
 31
0.0
  0
LINE
  5
43C
330
17
100
AcDbEntity
  8
A-WALL
100
AcDbLine
 10
77642.508249
 20
-37902.944172
 30
0.0
 11
77437.296163
 21
-38466.759744
 31
0.0
  0
LINE
  5
43D
330
17
100
AcDbEntity
  8
A-WALL
100
AcDbLine
 10
77437.296163
 20
-38466.759744
 30
0.0
 11
78405.179562
 21
-38819.040492
 31
0.0
  0
LINE
  5
43E
330
17
100
AcDbEntity
  8
A-WALL
100
AcDbLine
 10
78405.179562
 20
-38819.040492
 30
0.0
 11
78610.391648
 21
-38255.224919
 31
0.0
  0
LINE
  5
43F
330
17
100
AcDbEntity
  8
A-WALL
100
AcDbLine
 10
78610.391648
 20
-38255.224919
 30
0.0
 11
77642.508249
 21
-37902.944172
 31
0.0
  0
LINE
  5
440
330
17
100
AcDbEntity
  8
A-WALL
100
AcDbLine
 10
77149.947149
 20
-48992.513323
 30
0.0
 11
77276.238811
 21
-48645.529833
 31
0.0
  0
LINE
  5
441
330
17
100
AcDbEntity
  8
A-WALL
100
AcDbLine
 10
77276.238811
 20
-48645.529833
 30
0.0
 11
76082.829183
 21
-48211.164251
 31
0.0
  0
LINE
  5
442
330
17
100
AcDbEntity
  8
A-WALL
100
AcDbLine
 10
76082.829183
 20
-48211.164251
 30
0.0
 11
75963.122133
 21
-48540.056669
 31
0.0
  0
LINE
  5
443
330
17
100
AcDbEntity
  8
A-WALL
100
AcDbLine
 10
72833.945706
 20
-47401.129591
 30
0.0
 11
72953.652756
 21
-47072.237174
 31
0.0
  0
LINE
  5
444
330
17
100
AcDbEntity
  8
A-WALL
100
AcDbLine
 10
72953.652756
 20
-47072.237174
 30
0.0
 11
71985.769356
 21
-46719.956426
 31
0.0
  0
LINE
  5
445
330
17
100
AcDbEntity
  8
A-WALL
100
AcDbLine
 10
71985.769356
 20
-46719.956426
 30
0.0
 11
71866.062306
 21
-47048.848844
 31
0.0
  0
LINE
  5
446
330
17
100
AcDbEntity
  8
A-WALL
100
AcDbLine
 10
69147.309146
 20
-41887.726751
 30
0.0
 11
68942.09706
 21
-42451.542323
 31
0.0
  0
LINE
  5
447
330
17
100
AcDbEntity
  8
A-WALL
100
AcDbLine
 10
68942.09706
 20
-42451.542323
 30
0.0
 11
70003.949722
 21
-42838.025085
 31
0.0
  0
LINE
  5
448
330
17
100
AcDbEntity
  8
A-WALL
100
AcDbLine
 10
70003.949722
 20
-42838.025085
 30
0.0
 11
70209.161808
 21
-42274.209513
 31
0.0
  0
LINE
  5
449
330
17
100
AcDbEntity
  8
A-WALL
100
AcDbLine
 10
70209.161808
 20
-42274.209513
 30
0.0
 11
69147.309146
 21
-41887.726751
 31
0.0
  0
LINE
  5
44A
330
17
100
AcDbEntity
  8
A-WALL
100
AcDbLine
 10
74995.238733
 20
-48187.775921
 30
0.0
 11
75114.945784
 21
-47858.883504
 31
0.0
  0
LINE
  5
44B
330
17
100
AcDbEntity
  8
A-WALL
100
AcDbLine
 10
75114.945784
 20
-47858.883504
 30
0.0
 11
74147.062384
 21
-47506.602756
 31
0.0
  0
LINE
  5
44C
330
17
100
AcDbEntity
  8
A-WALL
100
AcDbLine
 10
74147.062384
 20
-47506.602756
 30
0.0
 11
74027.355334
 21
-47835.495173
 31
0.0
  0
LINE
  5
44D
330
17
100
AcDbEntity
  8
A-WALL
100
AcDbLine
 10
73206.781268
 20
-43365.25377
 30
0.0
 11
73001.569182
 21
-43929.069343
 31
0.0
  0
LINE
  5
44E
330
17
100
AcDbEntity
  8
A-WALL
100
AcDbLine
 10
73001.569182
 20
-43929.069343
 30
0.0
 11
73969.452581
 21
-44281.35009
 31
0.0
  0
LINE
  5
44F
330
17
100
AcDbEntity
  8
A-WALL
100
AcDbLine
 10
73969.452581
 20
-44281.35009
 30
0.0
 11
74174.664667
 21
-43717.534518
 31
0.0
  0
LINE
  5
450
330
17
100
AcDbEntity
  8
A-WALL
100
AcDbLine
 10
74174.664667
 20
-43717.534518
 30
0.0
 11
73206.781268
 21
-43365.25377
 31
0.0
  0
LINE
  5
451
330
17
100
AcDbEntity
  8
A-WALL
100
AcDbLine
 10
70512.904932
 20
-46556.339837
 30
0.0
 11
70632.611982
 21
-46227.44742
 31
0.0
  0
LINE
  5
452
330
17
100
AcDbEntity
  8
A-WALL
100
AcDbLine
 10
70632.611982
 20
-46227.44742
 30
0.0
 11
69617.743952
 21
-45858.065665
 31
0.0
  0
LINE
  5
453
330
17
100
AcDbEntity
  8
A-WALL
100
AcDbLine
 10
69617.743952
 20
-45858.065665
 30
0.0
 11
69498.036902
 21
-46186.958082
 31
0.0
  0
LINE
  5
454
330
17
100
AcDbEntity
  8
A-WALL
100
AcDbLine
 10
70838.755864
 20
-42503.363009
 30
0.0
 11
70633.543778
 21
-43067.178581
 31
0.0
  0
LINE
  5
455
330
17
100
AcDbEntity
  8
A-WALL
100
AcDbLine
 10
70633.543778
 20
-43067.178581
 30
0.0
 11
71648.411808
 21
-43436.560336
 31
0.0
  0
LINE
  5
456
330
17
100
AcDbEntity
  8
A-WALL
100
AcDbLine
 10
71648.411808
 20
-43436.560336
 30
0.0
 11
71853.623894
 21
-42872.744764
 31
0.0
  0
LINE
  5
457
330
17
100
AcDbEntity
  8
A-WALL
100
AcDbLine
 10
71853.623894
 20
-42872.744764
 30
0.0
 11
70838.755864
 21
-42503.363009
 31
0.0
  0
LINE
  5
458
330
17
100
AcDbEntity
  8
A-WALL
100
AcDbLine
 10
79578.275048
 20
-38607.505667
 30
0.0
 11
79373.062962
 21
-39171.321239
 31
0.0
  0
LINE
  5
459
330
17
100
AcDbEntity
  8
A-WALL
100
AcDbLine
 10
79373.062962
 20
-39171.321239
 30
0.0
 11
80566.47259
 21
-39605.686821
 31
0.0
  0
LINE
  5
45A
330
17
100
AcDbEntity
  8
A-WALL
100
AcDbLine
 10
80566.47259
 20
-39605.686821
 30
0.0
 11
80771.684676
 21
-39041.871249
 31
0.0
  0
LINE
  5
45B
330
17
100
AcDbEntity
  8
A-WALL
100
AcDbLine
 10
80771.684676
 20
-39041.871249
 30
0.0
 11
79578.275048
 21
-38607.505667
 31
0.0
  0
LINE
  5
45C
330
17
100
AcDbEntity
  8
A-WALL
100
AcDbLine
 10
77303.841095
 20
-44856.461595
 30
0.0
 11
77098.629009
 21
-45420.277168
 31
0.0
  0
LINE
  5
45D
330
17
100
AcDbEntity
  8
A-WALL
100
AcDbLine
 10
77098.629009
 20
-45420.277168
 30
0.0
 11
78292.038637
 21
-45854.64275
 31
0.0
  0
LINE
  5
45E
330
17
100
AcDbEntity
  8
A-WALL
100
AcDbLine
 10
78292.038637
 20
-45854.64275
 30
0.0
 11
78497.250723
 21
-45290.827177
 31
0.0
  0
LINE
  5
45F
330
17
100
AcDbEntity
  8
A-WALL
100
AcDbLine
 10
78497.250723
 20
-45290.827177
 30
0.0
 11
77303.841095
 21
-44856.461595
 31
0.0
  0
LINE
  5
460
330
17
100
AcDbEntity
  8
A-WALL
100
AcDbLine
 10
112923.789546
 20
-9864.93344
 30
0.0
 11
113523.789546
 21
-9864.93344
 31
0.0
  0
LINE
  5
461
330
17
100
AcDbEntity
  8
A-WALL
100
AcDbLine
 10
113523.789546
 20
-9864.93344
 30
0.0
 11
113523.789546
 21
-8664.93344
 31
0.0
  0
LINE
  5
462
330
17
100
AcDbEntity
  8
A-WALL
100
AcDbLine
 10
113523.789546
 20
-8664.93344
 30
0.0
 11
112923.789546
 21
-8664.93344
 31
0.0
  0
LINE
  5
463
330
17
100
AcDbEntity
  8
A-WALL
100
AcDbLine
 10
112923.789546
 20
-8664.93344
 30
0.0
 11
112923.789546
 21
-9864.93344
 31
0.0
  0
LINE
  5
464
330
17
100
AcDbEntity
  8
A-WALL
100
AcDbLine
 10
110623.789546
 20
-1524.93344
 30
0.0
 11
120573.789546
 21
-1524.93344
 31
0.0
  0
LINE
  5
465
330
17
100
AcDbEntity
  8
A-WALL
100
AcDbLine
 10
120573.789546
 20
-1524.93344
 30
0.0
 11
120573.789546
 21
-2124.93344
 31
0.0
  0
LINE
  5
466
330
17
100
AcDbEntity
  8
A-WALL
100
AcDbLine
 10
120573.789546
 20
-2124.93344
 30
0.0
 11
110623.789546
 21
-2124.93344
 31
0.0
  0
LINE
  5
467
330
17
100
AcDbEntity
  8
A-WALL
100
AcDbLine
 10
110623.789546
 20
-2124.93344
 30
0.0
 11
110623.789546
 21
-1524.93344
 31
0.0
  0
LINE
  5
468
330
17
100
AcDbEntity
  8
A-WALL
100
AcDbLine
 10
110623.789546
 20
-9864.93344
 30
0.0
 11
111223.789546
 21
-9864.93344
 31
0.0
  0
LINE
  5
469
330
17
100
AcDbEntity
  8
A-WALL
100
AcDbLine
 10
111223.789546
 20
-9864.93344
 30
0.0
 11
111223.789546
 21
-8664.93344
 31
0.0
  0
LINE
  5
46A
330
17
100
AcDbEntity
  8
A-WALL
100
AcDbLine
 10
111223.789546
 20
-8664.93344
 30
0.0
 11
110623.789546
 21
-8664.93344
 31
0.0
  0
LINE
  5
46B
330
17
100
AcDbEntity
  8
A-WALL
100
AcDbLine
 10
110623.789546
 20
-8664.93344
 30
0.0
 11
110623.789546
 21
-9864.93344
 31
0.0
  0
LINE
  5
46C
330
17
100
AcDbEntity
  8
A-WALL
100
AcDbLine
 10
120573.789546
 20
-9029.094149
 30
0.0
 11
120573.789546
 21
-9864.93344
 31
0.0
  0
LINE
  5
46D
330
17
100
AcDbEntity
  8
A-WALL
100
AcDbLine
 10
120573.789546
 20
-9864.93344
 30
0.0
 11
119453.789546
 21
-9864.93344
 31
0.0
  0
LINE
  5
46E
330
17
100
AcDbEntity
  8
A-WALL
100
AcDbLine
 10
119453.789546
 20
-9864.93344
 30
0.0
 11
119453.789546
 21
-8738.782377
 31
0.0
  0
LINE
  5
46F
330
17
100
AcDbEntity
  8
A-WALL
100
AcDbLine
 10
113043.789546
 20
-11644.933174
 30
0.0
 11
113043.789546
 21
-11244.93344
 31
0.0
  0
LINE
  5
470
330
17
100
AcDbEntity
  8
A-WALL
100
AcDbLine
 10
113043.789546
 20
-11244.93344
 30
0.0
 11
112443.789546
 21
-11244.93344
 31
0.0
  0
LINE
  5
471
330
17
100
AcDbEntity
  8
A-WALL
100
AcDbLine
 10
112443.789546
 20
-11244.93344
 30
0.0
 11
112443.789546
 21
-11644.933573
 31
0.0
  0
LINE
  5
472
330
17
100
AcDbEntity
  8
A-WALL
100
AcDbLine
 10
115223.789546
 20
-9864.93344
 30
0.0
 11
115823.789546
 21
-9864.93344
 31
0.0
  0
LINE
  5
473
330
17
100
AcDbEntity
  8
A-WALL
100
AcDbLine
 10
115823.789546
 20
-9864.93344
 30
0.0
 11
115823.789546
 21
-8664.93344
 31
0.0
  0
LINE
  5
474
330
17
100
AcDbEntity
  8
A-WALL
100
AcDbLine
 10
115823.789546
 20
-8664.93344
 30
0.0
 11
115223.789546
 21
-8664.93344
 31
0.0
  0
LINE
  5
475
330
17
100
AcDbEntity
  8
A-WALL
100
AcDbLine
 10
115223.789546
 20
-8664.93344
 30
0.0
 11
115223.789546
 21
-9864.93344
 31
0.0
  0
LINE
  5
476
330
17
100
AcDbEntity
  8
A-WALL
100
AcDbLine
 10
117523.789546
 20
-9864.93344
 30
0.0
 11
118123.789546
 21
-9864.93344
 31
0.0
  0
LINE
  5
477
330
17
100
AcDbEntity
  8
A-WALL
100
AcDbLine
 10
118123.789546
 20
-9864.93344
 30
0.0
 11
118123.789546
 21
-8664.93344
 31
0.0
  0
LINE
  5
478
330
17
100
AcDbEntity
  8
A-WALL
100
AcDbLine
 10
118123.789546
 20
-8664.93344
 30
0.0
 11
117523.789546
 21
-8664.93344
 31
0.0
  0
LINE
  5
479
330
17
100
AcDbEntity
  8
A-WALL
100
AcDbLine
 10
117523.789546
 20
-8664.93344
 30
0.0
 11
117523.789546
 21
-9864.93344
 31
0.0
  0
LINE
  5
47A
330
17
100
AcDbEntity
  8
A-WALL
100
AcDbLine
 10
102703.789546
 20
-27634.932989
 30
0.0
 11
102193.789546
 21
-27634.93344
 31
0.0
  0
LINE
  5
47B
330
17
100
AcDbEntity
  8
A-WALL
100
AcDbLine
 10
102193.789546
 20
-27634.93344
 30
0.0
 11
102193.789546
 21
-28084.93344
 31
0.0
  0
LINE
  5
47C
330
17
100
AcDbEntity
  8
A-WALL
100
AcDbLine
 10
102193.789546
 20
-28084.93344
 30
0.0
 11
101583.789546
 21
-28084.932989
 31
0.0
  0
LINE
  5
47D
330
17
100
AcDbEntity
  8
A-WALL
100
AcDbLine
 10
116583.789546
 20
-11844.933674
 30
0.0
 11
115223.789546
 21
-11844.933674
 31
0.0
  0
LINE
  5
47E
330
17
100
AcDbEntity
  8
A-WALL
100
AcDbLine
 10
115223.789546
 20
-11844.933674
 30
0.0
 11
115223.789546
 21
-11244.933674
 31
0.0
  0
LINE
  5
47F
330
17
100
AcDbEntity
  8
A-WALL
100
AcDbLine
 10
115223.789546
 20
-11244.933674
 30
0.0
 11
116583.789546
 21
-11244.933674
 31
0.0
  0
LINE
  5
480
330
17
100
AcDbEntity
  8
A-WALL
100
AcDbLine
 10
116583.789546
 20
-11244.933674
 30
0.0
 11
116583.789546
 21
-11844.933674
 31
0.0
  0
LINE
  5
481
330
17
100
AcDbEntity
  8
A-WALL
100
AcDbLine
 10
119453.789546
 20
-11844.93344
 30
0.0
 11
120573.789546
 21
-11844.93344
 31
0.0
  0
LINE
  5
482
330
17
100
AcDbEntity
  8
A-WALL
100
AcDbLine
 10
120573.789546
 20
-11844.93344
 30
0.0
 11
120573.789546
 21
-11244.93344
 31
0.0
  0
LINE
  5
483
330
17
100
AcDbEntity
  8
A-WALL
100
AcDbLine
 10
120573.789546
 20
-11244.93344
 30
0.0
 11
119453.789546
 21
-11244.93344
 31
0.0
  0
LINE
  5
484
330
17
100
AcDbEntity
  8
A-WALL
100
AcDbLine
 10
119453.789546
 20
-11244.93344
 30
0.0
 11
119453.789546
 21
-11844.93344
 31
0.0
  0
LINE
  5
485
330
17
100
AcDbEntity
  8
A-WALL
100
AcDbLine
 10
119453.789546
 20
-12784.93344
 30
0.0
 11
119703.789546
 21
-12784.93344
 31
0.0
  0
LINE
  5
486
330
17
100
AcDbEntity
  8
A-WALL
100
AcDbLine
 10
119703.789546
 20
-12784.93344
 30
0.0
 11
119703.789546
 21
-13884.93344
 31
0.0
  0
LINE
  5
487
330
17
100
AcDbEntity
  8
A-WALL
100
AcDbLine
 10
119703.789546
 20
-13884.93344
 30
0.0
 11
119453.789546
 21
-13884.93344
 31
0.0
  0
LINE
  5
488
330
17
100
AcDbEntity
  8
A-WALL
100
AcDbLine
 10
119453.789546
 20
-13884.93344
 30
0.0
 11
119453.789546
 21
-12784.93344
 31
0.0
  0
LINE
  5
489
330
17
100
AcDbEntity
  8
A-WALL
100
AcDbLine
 10
118933.513241
 20
-27550.20565
 30
0.0
 11
120061.144386
 21
-27960.629822
 31
0.0
  0
LINE
  5
48A
330
17
100
AcDbEntity
  8
A-WALL
100
AcDbLine
 10
120061.144386
 20
-27960.629822
 30
0.0
 11
120266.356472
 21
-27396.814249
 31
0.0
  0
LINE
  5
48B
330
17
100
AcDbEntity
  8
A-WALL
100
AcDbLine
 10
120266.356472
 20
-27396.814249
 30
0.0
 11
119138.725327
 21
-26986.390077
 31
0.0
  0
LINE
  5
48C
330
17
100
AcDbEntity
  8
A-WALL
100
AcDbLine
 10
119138.725327
 20
-26986.390077
 30
0.0
 11
118933.513241
 21
-27550.20565
 31
0.0
  0
LINE
  5
48D
330
17
100
AcDbEntity
  8
A-WALL
100
AcDbLine
 10
117879.365565
 20
-30007.881926
 30
0.0
 11
119147.950603
 21
-30469.609119
 31
0.0
  0
LINE
  5
48E
330
17
100
AcDbEntity
  8
A-WALL
100
AcDbLine
 10
119147.950603
 20
-30469.609119
 30
0.0
 11
119582.316185
 21
-29276.199491
 31
0.0
  0
LINE
  5
48F
330
17
100
AcDbEntity
  8
A-WALL
100
AcDbLine
 10
119582.316185
 20
-29276.199491
 30
0.0
 11
118313.731147
 21
-28814.472298
 31
0.0
  0
LINE
  5
490
330
17
100
AcDbEntity
  8
A-WALL
100
AcDbLine
 10
118313.731147
 20
-28814.472298
 30
0.0
 11
117879.365565
 21
-30007.881926
 31
0.0
  0
LINE
  5
491
330
17
100
AcDbEntity
  8
A-WALL
100
AcDbLine
 10
98183.789546
 20
-28084.93344
 30
0.0
 11
97933.789546
 21
-28084.93344
 31
0.0
  0
LINE
  5
492
330
17
100
AcDbEntity
  8
A-WALL
100
AcDbLine
 10
97933.789546
 20
-28084.93344
 30
0.0
 11
97933.789546
 21
-18964.93344
 31
0.0
  0
LINE
  5
493
330
17
100
AcDbEntity
  8
A-WALL
100
AcDbLine
 10
97933.789546
 20
-18964.93344
 30
0.0
 11
99743.789546
 21
-18964.93344
 31
0.0
  0
LINE
  5
494
330
17
100
AcDbEntity
  8
A-WALL
100
AcDbLine
 10
99743.789546
 20
-18964.93344
 30
0.0
 11
99743.789546
 21
-18134.93344
 31
0.0
  0
LINE
  5
495
330
17
100
AcDbEntity
  8
A-WALL
100
AcDbLine
 10
99743.789546
 20
-18134.93344
 30
0.0
 11
106173.789546
 21
-18134.93344
 31
0.0
  0
LINE
  5
496
330
17
100
AcDbEntity
  8
A-WALL
100
AcDbLine
 10
106173.789546
 20
-18134.93344
 30
0.0
 11
106173.789546
 21
-19954.93344
 31
0.0
  0
LINE
  5
497
330
17
100
AcDbEntity
  8
A-WALL
100
AcDbLine
 10
106173.789546
 20
-19954.93344
 30
0.0
 11
108153.789546
 21
-19954.93344
 31
0.0
  0
LINE
  5
498
330
17
100
AcDbEntity
  8
A-WALL
100
AcDbLine
 10
120595.731137
 20
-22983.299513
 30
0.0
 11
121723.362282
 21
-23393.723685
 31
0.0
  0
LINE
  5
499
330
17
100
AcDbEntity
  8
A-WALL
100
AcDbLine
 10
121723.362282
 20
-23393.723685
 30
0.0
 11
121928.574368
 21
-22829.908112
 31
0.0
  0
LINE
  5
49A
330
17
100
AcDbEntity
  8
A-WALL
100
AcDbLine
 10
121928.574368
 20
-22829.908112
 30
0.0
 11
120800.943223
 21
-22419.48394
 31
0.0
  0
LINE
  5
49B
330
17
100
AcDbEntity
  8
A-WALL
100
AcDbLine
 10
120800.943223
 20
-22419.48394
 30
0.0
 11
120595.731137
 21
-22983.299513
 31
0.0
  0
LINE
  5
49C
330
17
100
AcDbEntity
  8
A-WALL
100
AcDbLine
 10
98183.789546
 20
-28084.93344
 30
0.0
 11
98183.789546
 21
-19214.93344
 31
0.0
  0
LINE
  5
49D
330
17
100
AcDbEntity
  8
A-WALL
100
AcDbLine
 10
98183.789546
 20
-19214.93344
 30
0.0
 11
99993.789546
 21
-19214.93344
 31
0.0
  0
LINE
  5
49E
330
17
100
AcDbEntity
  8
A-WALL
100
AcDbLine
 10
99993.789546
 20
-19214.93344
 30
0.0
 11
99993.789546
 21
-18384.93344
 31
0.0
  0
LINE
  5
49F
330
17
100
AcDbEntity
  8
A-WALL
100
AcDbLine
 10
99993.789546
 20
-18384.93344
 30
0.0
 11
105923.789546
 21
-18384.93344
 31
0.0
  0
LINE
  5
4A0
330
17
100
AcDbEntity
  8
A-WALL
100
AcDbLine
 10
105923.789546
 20
-18384.93344
 30
0.0
 11
105923.789546
 21
-20154.93344
 31
0.0
  0
LINE
  5
4A1
330
17
100
AcDbEntity
  8
A-WALL
100
AcDbLine
 10
105923.789546
 20
-20154.93344
 30
0.0
 11
107953.789546
 21
-20154.93344
 31
0.0
  0
LINE
  5
4A2
330
17
100
AcDbEntity
  8
A-WALL
100
AcDbLine
 10
119720.159571
 20
-25388.912622
 30
0.0
 11
120847.790715
 21
-25799.336794
 31
0.0
  0
LINE
  5
4A3
330
17
100
AcDbEntity
  8
A-WALL
100
AcDbLine
 10
120847.790715
 20
-25799.336794
 30
0.0
 11
121053.002801
 21
-25235.521222
 31
0.0
  0
LINE
  5
4A4
330
17
100
AcDbEntity
  8
A-WALL
100
AcDbLine
 10
121053.002801
 20
-25235.521222
 30
0.0
 11
119925.371657
 21
-24825.09705
 31
0.0
  0
LINE
  5
4A5
330
17
100
AcDbEntity
  8
A-WALL
100
AcDbLine
 10
119925.371657
 20
-24825.09705
 30
0.0
 11
119720.159571
 21
-25388.912622
 31
0.0
  0
LINE
  5
4A6
330
17
100
AcDbEntity
  8
A-WALL
100
AcDbLine
 10
121218.207798
 20
-21273.058943
 30
0.0
 11
122345.838943
 21
-21683.483115
 31
0.0
  0
LINE
  5
4A7
330
17
100
AcDbEntity
  8
A-WALL
100
AcDbLine
 10
122345.838943
 20
-21683.483115
 30
0.0
 11
122551.051029
 21
-21119.667543
 31
0.0
  0
LINE
  5
4A8
330
17
100
AcDbEntity
  8
A-WALL
100
AcDbLine
 10
122551.051029
 20
-21119.667543
 30
0.0
 11
121423.419884
 21
-20709.243371
 31
0.0
  0
LINE
  5
4A9
330
17
100
AcDbEntity
  8
A-WALL
100
AcDbLine
 10
121423.419884
 20
-20709.243371
 30
0.0
 11
121218.207798
 21
-21273.058943
 31
0.0
  0
CIRCLE
  5
4AA
330
17
100
AcDbEntity
  8
A-WALL
100
AcDbCircle
 10
119100.606057
 20
-14664.93344
 30
0.0
 40
13040.0
  0
CIRCLE
  5
4AB
330
17
100
AcDbEntity
  8
A-WALL
100
AcDbCircle
 10
118515.315478
 20
-14664.93344
 30
0.0
 40
6000.0
  0
CIRCLE
  5
4AC
330
17
100
AcDbEntity
  8
A-WALL
100
AcDbCircle
 10
119100.606057
 20
-14664.93344
 30
0.0
 40
12540.0
  0
CIRCLE
  5
4AD
330
17
100
AcDbEntity
  8
A-WALL
100
AcDbCircle
 10
118515.315478
 20
-14664.93344
 30
0.0
 40
6000.0
  0
CIRCLE
  5
4AE
330
17
100
AcDbEntity
  8
A-WALL
100
AcDbCircle
 10
118515.315478
 20
-14664.93344
 30
0.0
 40
5700.0
  0
CIRCLE
  5
4AF
330
17
100
AcDbEntity
  8
A-WALL
100
AcDbCircle
 10
118515.315478
 20
-14664.93344
 30
0.0
 40
5700.0
  0
LINE
  5
4B0
330
17
100
AcDbEntity
  8
A-WALL
100
AcDbLine
 10
118373.736884
 20
-8664.93344
 30
0.0
 11
118373.736884
 21
-2124.93344
 31
0.0
  0
CIRCLE
  5
4B1
330
17
100
AcDbEntity
  8
A-WALL
100
AcDbCircle
 10
118515.30828185994
 20
-14664.933440054418
 30
0.0
 40
7800.000000054413
  0
LINE
  5
4B2
330
17
100
AcDbEntity
  8
A-WALL
100
AcDbLine
 10
118515.308282
 20
-6864.9334400000025
 30
0.0
 11
118373.736884
 21
-6864.93344
 31
0.0
  0
LINE
  5
4B3
330
17
100
AcDbEntity
  8
A-WALL
100
AcDbLine
 10
118373.736884
 20
-3894.93344
 30
0.0
 11
118415.216468
 21
-3894.933440000001
 31
0.0
  0
CIRCLE
  5
4B4
330
17
100
AcDbEntity
  8
A-WALL
100
AcDbCircle
 10
118415.21646786058
 20
-14939.933439646098
 30
0.0
 40
11044.999999646096
  0
LINE
  5
4B5
330
17
100
AcDbEntity
  8
A-WALL
100
AcDbLine
 10
125562.470597
 20
-12410.899828
 30
0.0
 11
125547.749463
 21
-12529.993439
 31
0.0
  0
LINE
  5
4B6
330
17
100
AcDbEntity
  8
A-WALL
100
AcDbLine
 10
125547.749463
 20
-12529.993439
 30
0.0
 11
126034.298518
 21
-12590.135656
 31
0.0
  0
LINE
  5
4B7
330
17
100
AcDbEntity
  8
A-WALL
100
AcDbLine
 10
126034.298518
 20
-12590.135656
 30
0.0
 11
126403.700426
 21
-12267.817026
 31
0.0
  0
LINE
  5
4B8
330
17
100
AcDbEntity
  8
A-WALL
100
AcDbLine
 10
126403.700426
 20
-12267.817026
 30
0.0
 11
126324.805833
 21
-12177.397763
 31
0.0
  0
LINE
  5
4B9
330
17
100
AcDbEntity
  8
A-WALL
100
AcDbLine
 10
126324.805833
 20
-12177.397763
 30
0.0
 11
125995.805571
 21
-12464.464264
 31
0.0
  0
LINE
  5
4BA
330
17
100
AcDbEntity
  8
A-WALL
100
AcDbLine
 10
125995.805571
 20
-12464.464264
 30
0.0
 11
125562.470597
 21
-12410.899828
 31
0.0
  0
LINE
  5
4BB
330
17
100
AcDbEntity
  8
A-WALL
100
AcDbLine
 10
131886.594109
 20
-11016.50597
 30
0.0
 11
127662.609736
 21
-12152.297404
 31
0.0
  0
LINE
  5
4BC
330
17
100
AcDbEntity
  8
A-WALL
100
AcDbLine
 10
127662.609736
 20
-12152.297404
 30
0.0
 11
127631.869021
 21
-12430.359187
 31
0.0
  0
LINE
  5
4BD
330
17
100
AcDbEntity
  8
A-WALL
100
AcDbLine
 10
127631.869021
 20
-12430.359187
 30
0.0
 11
127474.178976
 21
-11933.168861
 31
0.0
  0
LINE
  5
4BE
330
17
100
AcDbEntity
  8
A-WALL
100
AcDbLine
 10
127474.178976
 20
-11933.168861
 30
0.0
 11
127443.438259
 21
-12211.230644
 31
0.0
  0
LINE
  5
4BF
330
17
100
AcDbEntity
  8
A-WALL
100
AcDbLine
 10
127443.438259
 20
-12211.230644
 30
0.0
 11
123219.453884
 21
-13347.022078
 31
0.0
  0
LINE
  5
4C0
330
17
100
AcDbEntity
  8
A-WALL
100
AcDbLine
 10
118683.297075
 20
-3496.286282
 30
0.0
 11
118573.73673
 21
-3447.331909
 31
0.0
  0
LINE
  5
4C1
330
17
100
AcDbEntity
  8
A-WALL
100
AcDbLine
 10
118573.73673
 20
-3447.331909
 30
0.0
 11
118373.736884
 21
-3894.93344
 31
0.0
  0
LINE
  5
4C2
330
17
100
AcDbEntity
  8
A-WALL
100
AcDbLine
 10
118373.736884
 20
-3894.93344
 30
0.0
 11
118573.73673
 21
-4342.534971
 31
0.0
  0
LINE
  5
4C3
330
17
100
AcDbEntity
  8
A-WALL
100
AcDbLine
 10
118573.73673
 20
-4342.534971
 30
0.0
 11
118683.297075
 21
-4293.580598
 31
0.0
  0
LINE
  5
4C4
330
17
100
AcDbEntity
  8
A-WALL
100
AcDbLine
 10
118683.297075
 20
-4293.580598
 30
0.0
 11
118505.171299
 21
-3894.93344
 31
0.0
  0
LINE
  5
4C5
330
17
100
AcDbEntity
  8
A-WALL
100
AcDbLine
 10
118505.171299
 20
-3894.93344
 30
0.0
 11
118683.297075
 21
-3496.286282
 31
0.0
  0
CIRCLE
  5
4C6
330
17
100
AcDbEntity
  8
A-WALL
100
AcDbCircle
 10
118373.736886
 20
-6864.933435
 30
0.0
 40
120.0
  0
LINE
  5
4C7
330
17
100
AcDbEntity
  8
A-WALL
100
AcDbLine
 10
107453.789087
 20
-13289.933476
 30
0.0
 11
107453.789087
 21
-13664.933476
 31
0.0
  0
LINE
  5
4C8
330
17
100
AcDbEntity
  8
A-WALL
100
AcDbLine
 10
107453.789087
 20
-13664.933476
 30
0.0
 11
107385.82992
 21
-13664.933476
 31
0.0
  0
LINE
  5
4C9
330
17
100
AcDbEntity
  8
A-WALL
100
AcDbLine
 10
107385.82992
 20
-13664.933476
 30
0.0
 11
107385.82992
 21
-13289.933476
 31
0.0
  0
LINE
  5
4CA
330
17
100
AcDbEntity
  8
A-WALL
100
AcDbLine
 10
106754.722163
 20
-13289.933476
 30
0.0
 11
106754.722163
 21
-13664.933476
 31
0.0
  0
LINE
  5
4CB
330
17
100
AcDbEntity
  8
A-WALL
100
AcDbLine
 10
106754.722163
 20
-13664.933476
 30
0.0
 11
106686.762996
 21
-13664.933476
 31
0.0
  0
LINE
  5
4CC
330
17
100
AcDbEntity
  8
A-WALL
100
AcDbLine
 10
106686.762996
 20
-13664.933476
 30
0.0
 11
106686.762996
 21
-13289.933476
 31
0.0
  0
LINE
  5
4CD
330
17
100
AcDbEntity
  8
A-WALL
100
AcDbLine
 10
106754.722163
 20
-13309.352919
 30
0.0
 11
107385.82992
 21
-13309.352919
 31
0.0
  0
LINE
  5
4CE
330
17
100
AcDbEntity
  8
A-WALL
100
AcDbLine
 10
107385.82992
 20
-13309.352919
 30
0.0
 11
107385.82992
 21
-13365.592089
 31
0.0
  0
LINE
  5
4CF
330
17
100
AcDbEntity
  8
A-WALL
100
AcDbLine
 10
107385.82992
 20
-13365.592089
 30
0.0
 11
106754.722163
 21
-13365.592089
 31
0.0
  0
LINE
  5
4D0
330
17
100
AcDbEntity
  8
A-WALL
100
AcDbLine
 10
106754.722163
 20
-13365.592089
 30
0.0
 11
106754.722163
 21
-13309.352919
 31
0.0
  0
LINE
  5
4D1
330
17
100
AcDbEntity
  8
A-WALL
100
AcDbLine
 10
107453.789087
 20
-13289.933476
 30
0.0
 11
107453.789087
 21
-13664.933476
 31
0.0
  0
LINE
  5
4D2
330
17
100
AcDbEntity
  8
A-WALL
100
AcDbLine
 10
107453.789087
 20
-13664.933476
 30
0.0
 11
107385.82992
 21
-13664.933476
 31
0.0
  0
LINE
  5
4D3
330
17
100
AcDbEntity
  8
A-WALL
100
AcDbLine
 10
107385.82992
 20
-13664.933476
 30
0.0
 11
107385.82992
 21
-13289.933476
 31
0.0
  0
LINE
  5
4D4
330
17
100
AcDbEntity
  8
A-WALL
100
AcDbLine
 10
106754.722163
 20
-13289.933476
 30
0.0
 11
106754.722163
 21
-13664.933476
 31
0.0
  0
LINE
  5
4D5
330
17
100
AcDbEntity
  8
A-WALL
100
AcDbLine
 10
106754.722163
 20
-13664.933476
 30
0.0
 11
106686.762996
 21
-13664.933476
 31
0.0
  0
LINE
  5
4D6
330
17
100
AcDbEntity
  8
A-WALL
100
AcDbLine
 10
106686.762996
 20
-13664.933476
 30
0.0
 11
106686.762996
 21
-13289.933476
 31
0.0
  0
LINE
  5
4D7
330
17
100
AcDbEntity
  8
A-WALL
100
AcDbLine
 10
106754.722163
 20
-13309.352919
 30
0.0
 11
107385.82992
 21
-13309.352919
 31
0.0
  0
LINE
  5
4D8
330
17
100
AcDbEntity
  8
A-WALL
100
AcDbLine
 10
107385.82992
 20
-13309.352919
 30
0.0
 11
107385.82992
 21
-13365.592089
 31
0.0
  0
LINE
  5
4D9
330
17
100
AcDbEntity
  8
A-WALL
100
AcDbLine
 10
107385.82992
 20
-13365.592089
 30
0.0
 11
106754.722163
 21
-13365.592089
 31
0.0
  0
LINE
  5
4DA
330
17
100
AcDbEntity
  8
A-WALL
100
AcDbLine
 10
106754.722163
 20
-13365.592089
 30
0.0
 11
106754.722163
 21
-13309.352919
 31
0.0
  0
CIRCLE
  5
4DB
330
17
100
AcDbEntity
  8
A-WALL
100
AcDbCircle
 10
106720.74258
 20
-13289.933476
 30
0.0
 40
33.979583
  0
CIRCLE
  5
4DC
330
17
100
AcDbEntity
  8
A-WALL
100
AcDbCircle
 10
107419.809504
 20
-13289.933476
 30
0.0
 40
33.979583
  0
CIRCLE
  5
4DD
330
17
100
AcDbEntity
  8
A-WALL
100
AcDbCircle
 10
106720.74258
 20
-13289.933476
 30
0.0
 40
33.979583
  0
CIRCLE
  5
4DE
330
17
100
AcDbEntity
  8
A-WALL
100
AcDbCircle
 10
107419.809504
 20
-13289.933476
 30
0.0
 40
33.979583
  0
LINE
  5
4DF
330
17
100
AcDbEntity
  8
A-WALL
100
AcDbLine
 10
13235.099921
 20
-9855.570015
 30
0.0
 11
11304.189446
 21
-9855.570015
 31
0.0
  0
LINE
  5
4E0
330
17
100
AcDbEntity
  8
A-WALL
100
AcDbLine
 10
9116.819284
 20
-10342.180274
 30
0.0
 11
8768.881216
 21
-10850.390958
 31
0.0
  0
LINE
  5
4E1
330
17
100
AcDbEntity
  8
A-WALL
100
AcDbLine
 10
7696.312429
 20
-15276.236374
 30
0.0
 11
9151.756006
 21
-15639.119267
 31
0.0
  0
LINE
  5
4E2
330
17
100
AcDbEntity
  8
A-WALL
100
AcDbLine
 10
10186.845436
 20
-11487.602307
 30
0.0
 11
10081.945704
 21
-11908.33215
 31
0.0
  0
LINE
  5
4E3
330
17
100
AcDbEntity
  8
A-WALL
100
AcDbLine
 10
10214.648655
 20
-11500.09665
 30
0.0
 11
10111.054576
 21
-11915.589807
 31
0.0
  0
LINE
  5
4E4
330
17
100
AcDbEntity
  8
A-WALL
100
AcDbLine
 10
13235.099921
 20
-9885.570015
 30
0.0
 11
11320.007706
 21
-9885.570015
 31
0.0
  0
LINE
  5
4E5
330
17
100
AcDbEntity
  8
A-WALL
100
AcDbLine
 10
9141.573621
 20
-10359.127923
 30
0.0
 11
8796.684435
 21
-10862.885301
 31
0.0
  0
LINE
  5
4E6
330
17
100
AcDbEntity
  8
A-WALL
100
AcDbLine
 10
40345.099921
 20
-8145.569854
 30
0.0
 11
40345.099921
 21
-9845.569854
 31
0.0
  0
LINE
  5
4E7
330
17
100
AcDbEntity
  8
A-WALL
100
AcDbLine
 10
8768.881216
 20
-10850.390958
 30
0.0
 11
8285.138322
 21
-12790.577732
 31
0.0
  0
LINE
  5
4E8
330
17
100
AcDbEntity
  8
A-WALL
100
AcDbLine
 10
16150.092326
 20
-9855.570015
 30
0.0
 11
16150.092326
 21
-7695.570015
 31
0.0
  0
LINE
  5
4E9
330
17
100
AcDbEntity
  8
A-WALL
100
AcDbLine
 10
16120.092326
 20
-9855.570015
 30
0.0
 11
16120.092326
 21
-7695.570015
 31
0.0
  0
LINE
  5
4EA
330
17
100
AcDbEntity
  8
A-WALL
100
AcDbLine
 10
40325.099921
 20
-8915.569854
 30
0.0
 11
38415.099921
 21
-8915.569854
 31
0.0
  0
LINE
  5
4EB
330
17
100
AcDbEntity
  8
A-WALL
100
AcDbLine
 10
13205.094999
 20
-8325.570015
 30
0.0
 11
10533.979783
 21
-8325.570015
 31
0.0
  0
LINE
  5
4EC
330
17
100
AcDbEntity
  8
A-WALL
100
AcDbLine
 10
13235.095095
 20
-8355.570015
 30
0.0
 11
10513.438354
 21
-8355.570015
 31
0.0
  0
LINE
  5
4ED
330
17
100
AcDbEntity
  8
A-WALL
100
AcDbLine
 10
12175.099921
 20
-9885.570015
 30
0.0
 11
12175.099921
 21
-12430.21411
 31
0.0
  0
LINE
  5
4EE
330
17
100
AcDbEntity
  8
A-WALL
100
AcDbLine
 10
7703.570085
 20
-15247.127506
 30
0.0
 11
9159.013662
 21
-15610.010398
 31
0.0
  0
LINE
  5
4EF
330
17
100
AcDbEntity
  8
A-WALL
100
AcDbLine
 10
11320.007706
 20
-9885.570015
 30
0.0
 11
10214.648657
 21
-11500.09665
 31
0.0
  0
LINE
  5
4F0
330
17
100
AcDbEntity
  8
A-WALL
100
AcDbLine
 10
12145.099921
 20
-9885.570015
 30
0.0
 11
12145.099921
 21
-12422.73427
 31
0.0
  0
LINE
  5
4F1
330
17
100
AcDbEntity
  8
A-WALL
100
AcDbLine
 10
40325.099921
 20
-8935.569854
 30
0.0
 11
38415.099921
 21
-8935.569854
 31
0.0
  0
LINE
  5
4F2
330
17
100
AcDbEntity
  8
A-WALL
100
AcDbLine
 10
11304.189446
 20
-9855.570015
 30
0.0
 11
10186.845438
 21
-11487.602307
 31
0.0
  0
LINE
  5
4F3
330
17
100
AcDbEntity
  8
A-WALL
100
AcDbLine
 10
40325.099921
 20
-8145.569854
 30
0.0
 11
40325.099921
 21
-9845.569854
 31
0.0
  0
LINE
  5
4F4
330
17
100
AcDbEntity
  8
A-WALL
100
AcDbLine
 10
8796.684435
 20
-10862.885301
 30
0.0
 11
8311.548096
 21
-12808.660882
 31
0.0
  0
LINE
  5
4F5
330
17
100
AcDbEntity
  8
A-WALL
100
AcDbLine
 10
13205.092969
 20
-7695.570015
 30
0.0
 11
13205.094999
 21
-8325.570015
 31
0.0
  0
LINE
  5
4F6
330
17
100
AcDbEntity
  8
A-WALL
100
AcDbLine
 10
47605.099917
 20
-8145.569854
 30
0.0
 11
47605.099917
 21
-9845.569854
 31
0.0
  0
LINE
  5
4F7
330
17
100
AcDbEntity
  8
A-WALL
100
AcDbLine
 10
47585.099917
 20
-8145.569854
 30
0.0
 11
47585.099917
 21
-9845.569854
 31
0.0
  0
LINE
  5
4F8
330
17
100
AcDbEntity
  8
A-WALL
100
AcDbLine
 10
13235.095095
 20
-8355.570015
 30
0.0
 11
13235.095095
 21
-7695.570015
 31
0.0
  0
LINE
  5
4F9
330
17
100
AcDbEntity
  8
A-WALL
100
AcDbLine
 10
78990.278169
 20
-24311.913872
 30
0.0
 11
77986.582263
 21
-25426.631106
 31
0.0
  0
LINE
  5
4FA
330
17
100
AcDbEntity
  8
A-WALL
100
AcDbLine
 10
78967.983824
 20
-24291.839953
 30
0.0
 11
77964.287918
 21
-25406.557188
 31
0.0
  0
LINE
  5
4FB
330
17
100
AcDbEntity
  8
A-WALL
100
AcDbLine
 10
73540.006496
 20
-33122.788944
 30
0.0
 11
74949.545427
 21
-33635.819159
 31
0.0
  0
LINE
  5
4FC
330
17
100
AcDbEntity
  8
A-WALL
100
AcDbLine
 10
73529.745892
 20
-33150.979723
 30
0.0
 11
74939.284823
 21
-33664.009938
 31
0.0
  0
LINE
  5
4FD
330
17
100
AcDbEntity
  8
A-WALL
100
AcDbLine
 10
75784.724664
 20
-31428.897197
 30
0.0
 11
77135.622708
 21
-29928.572923
 31
0.0
  0
LINE
  5
4FE
330
17
100
AcDbEntity
  8
A-WALL
100
AcDbLine
 10
75758.528345
 20
-31413.156861
 30
0.0
 11
77113.328363
 21
-29908.499005
 31
0.0
  0
LINE
  5
4FF
330
17
100
AcDbEntity
  8
A-WALL
100
AcDbLine
 10
75296.246365
 20
-32770.980294
 30
0.0
 11
75784.724664
 21
-31428.897197
 31
0.0
  0
LINE
  5
500
330
17
100
AcDbEntity
  8
A-WALL
100
AcDbLine
 10
75268.055586
 20
-32760.71969
 30
0.0
 11
75758.528345
 21
-31413.156861
 31
0.0
  0
LINE
  5
501
330
17
100
AcDbEntity
  8
A-WALL
100
AcDbLine
 10
79027.436704
 20
-24345.371567
 30
0.0
 11
80736.669154
 21
-25884.371377
 31
0.0
  0
LINE
  5
502
330
17
100
AcDbEntity
  8
A-WALL
100
AcDbLine
 10
79047.510623
 20
-24323.077222
 30
0.0
 11
80756.743072
 21
-25862.077033
 31
0.0
  0
LINE
  5
503
330
17
100
AcDbEntity
  8
A-WALL
100
AcDbLine
 10
109018.789544
 20
-20764.93344
 30
0.0
 11
109018.789544
 21
-19264.93344
 31
0.0
  0
LINE
  5
504
330
17
100
AcDbEntity
  8
A-WALL
100
AcDbLine
 10
108988.789544
 20
-20764.93344
 30
0.0
 11
108988.789544
 21
-19264.93344
 31
0.0
  0
LINE
  5
505
330
17
100
AcDbEntity
  8
A-WALL
100
AcDbLine
 10
111653.789546
 20
-13864.93344
 30
0.0
 11
113253.789546
 21
-13864.93344
 31
0.0
  0
LINE
  5
506
330
17
100
AcDbEntity
  8
A-WALL
100
AcDbLine
 10
111653.789546
 20
-13834.93344
 30
0.0
 11
113253.789546
 21
-13834.93344
 31
0.0
  0
LINE
  5
507
330
17
100
AcDbEntity
  8
A-WALL
100
AcDbLine
 10
115473.9504
 20
-19746.334451
 30
0.0
 11
114960.920239
 21
-21155.873402
 31
0.0
  0
LINE
  5
508
330
17
100
AcDbEntity
  8
A-WALL
100
AcDbLine
 10
115445.759621
 20
-19736.073847
 30
0.0
 11
114932.72946
 21
-21145.612798
 31
0.0
  0
LINE
  5
509
330
17
100
AcDbEntity
  8
A-WALL
100
AcDbLine
 10
114838.789546
 20
-19515.154806
 30
0.0
 11
114838.789546
 21
-19264.93344
 31
0.0
  0
LINE
  5
50A
330
17
100
AcDbEntity
  8
A-WALL
100
AcDbLine
 10
117873.789546
 20
-20587.879137
 30
0.0
 11
114868.789546
 21
-19494.14858
 31
0.0
  0
LINE
  5
50B
330
17
100
AcDbEntity
  8
A-WALL
100
AcDbLine
 10
117873.789546
 20
-20619.80447
 30
0.0
 11
114838.789546
 21
-19515.154806
 31
0.0
  0
LINE
  5
50C
330
17
100
AcDbEntity
  8
A-WALL
100
AcDbLine
 10
114868.789546
 20
-19494.14858
 30
0.0
 11
114868.789546
 21
-19264.93344
 31
0.0
  0
LINE
  5
50D
330
17
100
AcDbEntity
  8
A-WALL
100
AcDbLine
 10
112773.789546
 20
-20764.93344
 30
0.0
 11
113886.821524
 21
-20764.93344
 31
0.0
  0
LINE
  5
50E
330
17
100
AcDbEntity
  8
A-WALL
100
AcDbLine
 10
113886.821524
 20
-20764.93344
 30
0.0
 11
114932.72946
 21
-21145.612798
 31
0.0
  0
LINE
  5
50F
330
17
100
AcDbEntity
  8
A-WALL
100
AcDbLine
 10
112773.789546
 20
-20794.93344
 30
0.0
 11
113881.531714
 21
-20794.93344
 31
0.0
  0
LINE
  5
510
330
17
100
AcDbEntity
  8
A-WALL
100
AcDbLine
 10
113881.531714
 20
-20794.93344
 30
0.0
 11
114922.468856
 21
-21173.803576
 31
0.0
  0
LINE
  5
511
330
17
100
AcDbEntity
  8
A-WALL
100
AcDbLine
 10
113738.789546
 20
-23164.93344
 30
0.0
 11
113738.789546
 21
-20794.93344
 31
0.0
  0
LINE
  5
512
330
17
100
AcDbEntity
  8
A-WALL
100
AcDbLine
 10
113768.789546
 20
-23164.93344
 30
0.0
 11
113768.789546
 21
-20794.93344
 31
0.0
  0
LINE
  5
513
330
17
100
AcDbEntity
  8
A-WALL
100
AcDbLine
 10
112773.789546
 20
-23164.93344
 30
0.0
 11
114197.75685
 21
-23164.93344
 31
0.0
  0
LINE
  5
514
330
17
100
AcDbEntity
  8
A-WALL
100
AcDbLine
 10
112773.789546
 20
-23194.93344
 30
0.0
 11
114186.837743
 21
-23194.93344
 31
0.0
  0
LINE
  5
515
330
17
100
AcDbEntity
  8
A-WALL
100
AcDbLine
 10
37915.099919
 20
-7945.569854
 30
0.0
 11
37915.099919
 21
-7645.569854
 31
0.0
  0
LINE
  5
516
330
17
100
AcDbEntity
  8
A-WALL
100
AcDbLine
 10
37915.099919
 20
-7645.569854
 30
0.0
 11
41795.099919
 21
-7645.569854
 31
0.0
  0
LINE
  5
517
330
17
100
AcDbEntity
  8
A-WALL
100
AcDbLine
 10
41795.099919
 20
-7645.569854
 30
0.0
 11
41795.099919
 21
-4845.569854
 31
0.0
  0
LINE
  5
518
330
17
100
AcDbEntity
  8
A-WALL
100
AcDbLine
 10
41795.099919
 20
-4845.569854
 30
0.0
 11
50275.099919
 21
-4845.569854
 31
0.0
  0
LINE
  5
519
330
17
100
AcDbEntity
  8
A-WALL
100
AcDbLine
 10
50275.099919
 20
-4845.569854
 30
0.0
 11
50275.099919
 21
-7945.569213
 31
0.0
  0
LINE
  5
51A
330
17
100
AcDbEntity
  8
A-WALL
100
AcDbLine
 10
6227.756326
 20
-12048.433842
 30
0.0
 11
7685.408393
 21
-13046.509043
 31
0.0
  0
LINE
  5
51B
330
17
100
AcDbEntity
  8
A-WALL
100
AcDbLine
 10
7685.408393
 20
-13046.509043
 30
0.0
 11
6842.103265
 21
-16428.821169
 31
0.0
  0
LINE
  5
51C
330
17
100
AcDbEntity
  8
A-WALL
100
AcDbLine
 10
6842.103265
 20
-16428.821169
 30
0.0
 11
7851.210385
 21
-16680.419832
 31
0.0
  0
LINE
  5
51D
330
17
100
AcDbEntity
  8
A-WALL
100
AcDbLine
 10
7851.210385
 20
-16680.419832
 30
0.0
 11
7529.454264
 21
-17970.913147
 31
0.0
  0
LINE
  5
51E
330
17
100
AcDbEntity
  8
A-WALL
100
AcDbLine
 10
10891.116987
 20
-6830.476099
 30
0.0
 11
11088.82591
 21
-6541.7295
 31
0.0
  0
LINE
  5
51F
330
17
100
AcDbEntity
  8
A-WALL
100
AcDbLine
 10
11088.82591
 20
-6541.7295
 30
0.0
 11
11970.71274
 21
-7145.570015
 31
0.0
  0
LINE
  5
520
330
17
100
AcDbEntity
  8
A-WALL
100
AcDbLine
 10
11970.71274
 20
-7145.570015
 30
0.0
 11
12885.092326
 21
-7145.570015
 31
0.0
  0
LINE
  5
521
330
17
100
AcDbEntity
  8
A-WALL
100
AcDbLine
 10
12885.092326
 20
-7145.570015
 30
0.0
 11
12885.092326
 21
-4445.570015
 31
0.0
  0
LINE
  5
522
330
17
100
AcDbEntity
  8
A-WALL
100
AcDbLine
 10
12885.092326
 20
-4445.570015
 30
0.0
 11
16585.092326
 21
-4445.570015
 31
0.0
  0
LINE
  5
523
330
17
100
AcDbEntity
  8
A-WALL
100
AcDbLine
 10
16585.092326
 20
-4445.570015
 30
0.0
 11
16585.092326
 21
-7145.570015
 31
0.0
  0
LINE
  5
524
330
17
100
AcDbEntity
  8
A-WALL
100
AcDbLine
 10
16585.092326
 20
-7145.570015
 30
0.0
 11
19055.099919
 21
-7145.570015
 31
0.0
  0
LINE
  5
525
330
17
100
AcDbEntity
  8
A-WALL
100
AcDbLine
 10
119462.054245
 20
-22794.152205
 30
0.0
 11
119565.420433
 21
-22831.774421
 31
0.0
  0
LINE
  5
526
330
17
100
AcDbEntity
  8
A-WALL
100
AcDbLine
 10
119244.992242
 20
-22981.192541
 30
0.0
 11
118660.137798
 21
-24588.066918
 31
0.0
  0
LINE
  5
527
330
17
100
AcDbEntity
  8
A-WALL
100
AcDbLine
 10
119565.420433
 20
-22831.774421
 30
0.0
 11
118895.060953
 21
-24673.571954
 31
0.0
  0
LINE
  5
528
330
17
100
AcDbEntity
  8
A-WALL
100
AcDbLine
 10
118895.060953
 20
-24673.571954
 30
0.0
 11
118660.137798
 21
-24588.066918
 31
0.0
  0
ENDSEC
  0
SECTION
  2
OBJECTS
  0
DICTIONARY
  5
A
330
0
100
AcDbDictionary
280
0
281
1
  3
ACAD_COLOR
350
B
  3
ACAD_GROUP
350
C
  3
ACAD_LAYOUT
350
D
  3
ACAD_MATERIAL
350
E
  3
ACAD_MLEADERSTYLE
350
F
  3
ACAD_MLINESTYLE
350
10
  3
ACAD_PLOTSETTINGS
350
11
  3
ACAD_PLOTSTYLENAME
350
12
  3
ACAD_SCALELIST
350
14
  3
ACAD_TABLESTYLE
350
15
  3
ACAD_VISUALSTYLE
350
16
  3
EZDXF_META
350
2D
  0
DICTIONARY
  5
B
330
A
100
AcDbDictionary
280
0
281
1
  0
DICTIONARY
  5
C
330
A
100
AcDbDictionary
280
0
281
1
  0
DICTIONARY
  5
D
330
A
100
AcDbDictionary
280
0
281
1
  3
Model
350
1A
  3
Layout1
350
1E
  0
DICTIONARY
  5
E
330
A
100
AcDbDictionary
280
0
281
1
  3
ByBlock
350
1F
  3
ByLayer
350
20
  3
Global
350
21
  0
DICTIONARY
  5
F
330
A
100
AcDbDictionary
280
0
281
1
  3
Standard
350
2C
  0
DICTIONARY
  5
10
330
A
100
AcDbDictionary
280
0
281
1
  3
Standard
350
22
  0
DICTIONARY
  5
11
330
A
100
AcDbDictionary
280
0
281
1
  0
ACDBDICTIONARYWDFLT
  5
12
330
A
100
AcDbDictionary
280
0
281
1
  3
Normal
350
13
100
AcDbDictionaryWithDefault
340
13
  0
ACDBPLACEHOLDER
  5
13
330
12
  0
DICTIONARY
  5
14
330
A
100
AcDbDictionary
280
0
281
1
  0
DICTIONARY
  5
15
330
A
100
AcDbDictionary
280
0
281
1
  0
DICTIONARY
  5
16
330
A
100
AcDbDictionary
280
0
281
1
  0
LAYOUT
  5
1A
330
D
100
AcDbPlotSettings
  1

  2
Adobe PDF
  4
A3
  6

 40
7.5
 41
20.0
 42
7.5
 43
20.0
 44
420.0
 45
297.0
 46
0.0
 47
0.0
 48
0.0
 49
0.0
140
0.0
141
0.0
142
1.0
143
1.0
 70
1024
 72
1
 73
0
 74
5
  7

 75
16
 76
0
 77
2
 78
300
147
1.0
148
0.0
149
0.0
100
AcDbLayout
  1
Model
 70
1
 71
0
 10
0.0
 20
0.0
 11
420.0
 21
297.0
 12
0.0
 22
0.0
 32
0.0
 14
1e+20
 24
1e+20
 34
1e+20
 15
-1e+20
 25
-1e+20
 35
-1e+20
146
0.0
 13
0.0
 23
0.0
 33
0.0
 16
1.0
 26
0.0
 36
0.0
 17
0.0
 27
1.0
 37
0.0
 76
1
330
17
  0
LAYOUT
  5
1E
330
D
100
AcDbPlotSettings
  1

  2
Adobe PDF
  4
A3
  6

 40
7.5
 41
20.0
 42
7.5
 43
20.0
 44
420.0
 45
297.0
 46
0.0
 47
0.0
 48
0.0
 49
0.0
140
0.0
141
0.0
142
1.0
143
1.0
 70
0
 72
1
 73
0
 74
5
  7

 75
16
 76
0
 77
2
 78
300
147
1.0
148
0.0
149
0.0
100
AcDbLayout
  1
Layout1
 70
1
 71
1
 10
0.0
 20
0.0
 11
420.0
 21
297.0
 12
0.0
 22
0.0
 32
0.0
 14
1e+20
 24
1e+20
 34
1e+20
 15
-1e+20
 25
-1e+20
 35
-1e+20
146
0.0
 13
0.0
 23
0.0
 33
0.0
 16
1.0
 26
0.0
 36
0.0
 17
0.0
 27
1.0
 37
0.0
 76
1
330
1B
  0
MATERIAL
  5
1F
102
{ACAD_REACTORS
330
E
102
}
330
E
100
AcDbMaterial
  1
ByBlock
  2

 70
0
 40
1.0
 71
1
 41
1.0
 91
-1023410177
 42
1.0
 72
1
  3

 73
1
 74
1
 75
1
 44
0.5
 73
0
 45
1.0
 46
1.0
 77
1
  4

 78
1
 79
1
170
1
 48
1.0
171
1
  6

172
1
173
1
174
1
140
1.0
141
1.0
175
1
  7

176
1
177
1
178
1
143
1.0
179
1
  8

270
1
271
1
272
1
145
1.0
146
1.0
273
1
  9

274
1
275
1
276
1
 42
1.0
 72
1
  3

 73
1
 74
1
 75
1
 94
63
  0
MATERIAL
  5
20
102
{ACAD_REACTORS
330
E
102
}
330
E
100
AcDbMaterial
  1
ByLayer
  2

 70
0
 40
1.0
 71
1
 41
1.0
 91
-1023410177
 42
1.0
 72
1
  3

 73
1
 74
1
 75
1
 44
0.5
 73
0
 45
1.0
 46
1.0
 77
1
  4

 78
1
 79
1
170
1
 48
1.0
171
1
  6

172
1
173
1
174
1
140
1.0
141
1.0
175
1
  7

176
1
177
1
178
1
143
1.0
179
1
  8

270
1
271
1
272
1
145
1.0
146
1.0
273
1
  9

274
1
275
1
276
1
 42
1.0
 72
1
  3

 73
1
 74
1
 75
1
 94
63
  0
MATERIAL
  5
21
102
{ACAD_REACTORS
330
E
102
}
330
E
100
AcDbMaterial
  1
Global
  2

 70
0
 40
1.0
 71
1
 41
1.0
 91
-1023410177
 42
1.0
 72
1
  3

 73
1
 74
1
 75
1
 44
0.5
 73
0
 45
1.0
 46
1.0
 77
1
  4

 78
1
 79
1
170
1
 48
1.0
171
1
  6

172
1
173
1
174
1
140
1.0
141
1.0
175
1
  7

176
1
177
1
178
1
143
1.0
179
1
  8

270
1
271
1
272
1
145
1.0
146
1.0
273
1
  9

274
1
275
1
276
1
 42
1.0
 72
1
  3

 73
1
 74
1
 75
1
 94
63
  0
MLINESTYLE
  5
22
102
{ACAD_REACTORS
330
10
102
}
330
10
100
AcDbMlineStyle
  2
Standard
 70
0
  3

 62
256
 51
90.0
 52
90.0
 71
2
 49
0.5
 62
256
  6
BYLAYER
 49
-0.5
 62
256
  6
BYLAYER
  0
MLEADERSTYLE
  5
2C
102
{ACAD_REACTORS
330
F
102
}
330
F
100
AcDbMLeaderStyle
179
2
170
2
171
1
172
0
 90
2
 40
0.0
 41
0.0
173
1
 91
-1056964608
 92
-2
290
1
 42
2.0
291
1
 43
8.0
  3
Standard
 44
4.0
300

342
29
174
1
175
1
176
0
178
1
 93
-1056964608
 45
4.0
292
0
297
0
 46
4.0
 94
-1056964608
 47
1.0
 49
1.0
140
1.0
294
1
141
0.0
177
0
142
1.0
295
0
296
0
143
3.75
271
0
272
9
273
9
  0
DICTIONARY
  5
2D
330
A
100
AcDbDictionary
281
1
  3
CREATED_BY_EZDXF
350
2E
  3
WRITTEN_BY_EZDXF
350
52B
  0
DICTIONARYVAR
  5
2E
330
2D
100
DictionaryVariables
280
0
  1
1.1.1 @ 2026-06-05T02:10:19.699280+00:00
  0
DICTIONARYVAR
  5
52B
330
2D
100
DictionaryVariables
280
0
  1
1.1.1 @ 2026-06-05T02:10:19.729194+00:00
  0
ENDSEC
  0
EOF
